Date,close,high,low,open,volume,symbol
2022-05-17,856.9566040039062,899.7432524539112,842.0253406950693,853.7745314954656,48792877,LICI.NS
2022-05-18,858.0336303710938,872.3774587310119,855.8306569904598,867.0413557015811,8919761,LICI.NS
2022-05-19,823.2755737304688,848.879042812514,820.4851647945637,848.879042812514,7372427,LICI.NS
2022-05-20,808.8828735351562,838.8922298494172,807.7568854879584,830.8146609945376,7078291,LICI.NS
2022-05-23,799.7772216796875,834.8779666669988,786.8531590120268,808.8828927766449,12444648,LICI.NS
2022-05-24,805.8966064453125,817.2541941319431,799.7772358467438,800.9032239406718,4287864,LICI.NS
2022-05-25,803.1550903320312,823.8630630512607,797.2315519135523,814.1210137133788,4013031,LICI.NS
2022-05-26,794.6859130859375,807.5610320910245,784.2584823937663,803.1550855607223,2796468,LICI.NS
2022-05-27,804.4279174804688,807.4142179915813,797.3294479392858,801.4416767288318,2215807,LICI.NS
2022-05-30,820.2404174804688,823.8141537373527,808.0506195570641,812.5545120769226,3133717,LICI.NS
2022-05-31,794.3431396484375,804.8195126531155,793.0703226873766,793.0703226873766,4373090,LICI.NS
2022-06-01,793.4620971679688,800.364735285807,791.6017845929014,794.4411964686402,1670031,LICI.NS
2022-06-02,788.8602905273438,796.7909706777434,787.1958098233343,793.0214624076287,1565763,LICI.NS
2022-06-03,783.5241088867188,793.8046501467132,783.2793340948141,791.7485657985026,2052785,LICI.NS
2022-06-06,761.102783203125,784.9438859566732,758.8998098758071,783.5241800827287,3033514,LICI.NS
2022-06-07,737.26171875,756.7458172927339,736.0867877244,756.7458172927339,3774512,LICI.NS
2022-06-08,722.6242065429688,737.1638666038563,720.7149510085721,737.1638666038563,4103499,LICI.NS
2022-06-09,706.615966796875,720.6170746375292,705.0493720832806,714.6445928955474,3729113,LICI.NS
2022-06-10,694.86669921875,704.7066340148224,693.251161669773,698.0977145572328,3464178,LICI.NS
2022-06-13,654.2830810546875,676.4597032164484,653.0592069786405,676.4597032164484,7781730,LICI.NS
2022-06-14,660.2066040039062,669.7038785611272,649.1427945702154,650.2197798278542,5348769,LICI.NS
2022-06-15,675.725341796875,694.866719346987,664.906247749032,666.7665601466224,9204318,LICI.NS
2022-06-16,655.3600463867188,691.2440571077897,653.059187097586,688.7473660205559,4049782,LICI.NS
2022-06-17,640.869384765625,655.3600413209784,637.3935944742273,655.1152665151127,4043000,LICI.NS
2022-06-20,647.5762329101562,652.7654467032478,636.4144781586615,646.6460767209529,3522551,LICI.NS
2022-06-21,651.2967529296875,657.3671794848018,649.1427228927801,653.0591194109869,2355354,LICI.NS
2022-06-22,654.6256713867188,670.5850354270725,650.2197251874856,652.0800374865054,3472810,LICI.NS
2022-06-23,651.2478637695312,660.5982492779356,644.8347161331612,656.1923028306743,1798979,LICI.NS
2022-06-24,647.8209838867188,659.472228048866,645.3242332181791,655.3110566139269,1743400,LICI.NS
2022-06-27,650.9051513671875,655.9964792776552,647.8699676802895,655.9964792776552,1405766,LICI.NS
2022-06-28,649.4854736328125,650.9051795191739,645.2264157332049,649.3875876100883,1004747,LICI.NS
2022-06-29,664.3189086914062,682.2853578524438,644.051540203162,646.3034567553042,4653282,LICI.NS
2022-06-30,659.8150634765625,669.4102249744559,656.9756515110978,664.3188964981816,1681412,LICI.NS
2022-07-01,662.507568359375,665.7385841126494,655.0174347754161,660.8920306029983,1330472,LICI.NS
2022-07-04,677.8303833007812,679.4948639395598,663.8292762983019,663.8292762983019,1832039,LICI.NS
2022-07-05,687.9640502929688,697.9998167065304,682.432116122193,683.4112152844916,3662593,LICI.NS
2022-07-06,688.2578735351562,698.6852453554935,686.8381675804213,692.2232137980867,1253320,LICI.NS
2022-07-07,683.460205078125,699.762231150169,681.4530636099046,693.2022543617994,1843219,LICI.NS
2022-07-08,693.3001708984375,695.9437508858731,686.5933647861356,686.5933647861356,2152750,LICI.NS
2022-07-11,703.1891479492188,706.8118274076452,689.628586427194,693.1533798568037,1638255,LICI.NS
2022-07-12,702.6016235351562,709.259546485694,699.4195508565377,703.6786686051446,1355821,LICI.NS
2022-07-13,703.825439453125,708.769938244848,700.496538012553,704.8535414257235,887093,LICI.NS
2022-07-14,697.412353515625,706.1753033742082,694.1813380829306,705.0493153818501,874964,LICI.NS
2022-07-15,693.6918334960938,706.1753492012105,690.3139290592844,704.4129824653246,999239,LICI.NS
2022-07-18,681.9425048828125,698.7340779018034,678.5156581246074,695.1603423787465,1620545,LICI.NS
2022-07-19,674.4525146484375,684.3903962372182,673.6203041648156,682.4321976785994,1592940,LICI.NS
2022-07-20,673.3265380859375,682.1873739768713,672.3963818853482,679.7885689625534,1377738,LICI.NS
2022-07-21,673.1796875,678.5157904445691,672.6901378676447,673.6202941210151,799923,LICI.NS
2022-07-22,674.2567138671875,679.7885887038618,673.3265576395861,674.6483177065369,948078,LICI.NS
2022-07-25,669.6549682617188,675.5785069870283,667.7457127031207,673.6203084160514,671602,LICI.NS
2022-07-26,661.2346801757812,670.4871803982802,660.8920193288094,669.7039129198602,662692,LICI.NS
2022-07-27,660.2555541992188,665.3958252528864,658.8359080967386,660.8919926144155,690747,LICI.NS
2022-07-28,660.7940673828125,665.0531249564777,659.9128542078263,662.8501517784842,741896,LICI.NS
2022-07-29,663.6334228515625,669.5080180253907,660.8919570556706,662.0179450344432,1519288,LICI.NS
2022-08-01,668.6268310546875,671.2703509426859,664.2208848953976,665.7874196260241,949173,LICI.NS
2022-08-02,671.1725463867188,674.5504508040177,665.9833322323418,668.1373625679728,1061968,LICI.NS
2022-08-03,664.1229248046875,673.6201982729291,662.8501078935655,670.682900896739,951585,LICI.NS
2022-08-04,659.619140625,669.1653577907456,656.6818430355398,667.7456520039453,1036357,LICI.NS
2022-08-05,672.9838256835938,680.4250156192434,660.010761004707,660.8919742074397,3867024,LICI.NS
2022-08-08,665.7874755859375,673.6202694163603,664.3188267427332,666.1301364122287,1215231,LICI.NS
2022-08-10,668.3330688476562,673.5712852574263,666.5217592888162,668.2351828345458,1133206,LICI.NS
2022-08-11,668.3821411132812,675.3826650437928,667.0603212420193,671.1236071196172,1055646,LICI.NS
2022-08-12,668.137451171875,672.7391705216144,666.8156311326967,668.9696617539807,867471,LICI.NS
2022-08-16,683.0685424804688,691.8314320215084,676.8512270534234,678.5157075519816,4029367,LICI.NS
2022-08-17,683.3622436523438,689.2857813842209,682.43208753523,687.327583141652,1443441,LICI.NS
2022-08-18,681.6978759765625,688.7963457802681,680.4740018724752,684.2925129810184,1010173,LICI.NS
2022-08-19,671.6132202148438,684.3415119378823,668.8227511737188,683.3134695583026,1403378,LICI.NS
2022-08-22,661.1856689453125,670.585056995003,660.8919511411442,670.585056995003,1331779,LICI.NS
2022-08-23,657.073486328125,664.6125625458312,656.2412758649103,660.4024476999359,1053329,LICI.NS
2022-08-24,662.1159057617188,668.7248260780094,657.9547337107208,659.0317190436581,1473399,LICI.NS
2022-08-25,665.1578369140625,670.0151645395168,664.3728281819035,665.7956901983758,865146,LICI.NS
2022-08-26,666.1390991210938,669.6226763668054,665.3540904050573,668.1507625646149,691903,LICI.NS
2022-08-29,657.6019897460938,662.312101524681,654.7072142086084,657.4547744217576,1400803,LICI.NS
2022-08-30,660.8893432617188,664.2747572212581,659.6136965226789,660.8893432617188,689256,LICI.NS
2022-09-01,656.1791381835938,664.1765000029066,655.5412849578848,660.3986121370601,1019021,LICI.NS
2022-09-02,652.2050170898438,660.3005428452738,651.5671638309709,658.436094774972,914138,LICI.NS
2022-09-05,647.44580078125,656.6207660123459,646.8080074073184,653.5297230948321,1467031,LICI.NS
2022-09-06,640.5768432617188,651.4199290933093,638.8105587643372,649.6045927833967,1984406,LICI.NS
2022-09-07,640.9203491210938,643.1282197964659,638.8105820743635,640.5768666361963,1236249,LICI.NS
2022-09-08,641.607177734375,646.6607722177405,640.086212175757,643.7169447266127,1138616,LICI.NS
2022-09-09,641.0675048828125,646.6607892416683,640.4297115116718,645.4832462357526,1220396,LICI.NS
2022-09-12,639.9880981445312,644.4528911216871,639.3992967204845,642.7356584464485,1161662,LICI.NS
2022-09-13,657.7001342773438,660.7911771421044,641.2637638944336,642.7356776600674,4249316,LICI.NS
2022-09-14,651.0274658203125,665.3050172654649,649.8008710244691,652.2540606161559,2467127,LICI.NS
2022-09-15,660.006103515625,663.9312068606893,647.7892672679717,652.5484311169325,2899060,LICI.NS
2022-09-16,642.5394287109375,659.1230148970233,641.1165667187281,658.3380061782503,1723016,LICI.NS
2022-09-19,642.4903564453125,651.1255718616071,641.7543995650773,645.9738736999608,1004677,LICI.NS
2022-09-20,644.0604248046875,652.597537269519,643.2754160487749,645.237967884721,927521,LICI.NS
2022-09-21,640.2333984375,647.5439150203321,639.5955452197878,644.1094497699579,920171,LICI.NS
2022-09-22,637.5839233398438,646.6607240953551,635.8666907644767,640.7730695512397,1270228,LICI.NS
2022-09-23,630.7640991210938,640.7240728721438,629.9790904261304,639.3993145503391,1212921,LICI.NS
2022-09-26,618.7434692382812,628.9978137497966,617.3206072911156,628.0165379093133,1072834,LICI.NS
2022-09-27,617.0262451171875,625.6614606553283,616.2412364123247,620.1663398289637,1138955,LICI.NS
2022-09-28,609.8138427734375,615.9958681817436,608.63629986416,615.9958681817436,845815,LICI.NS
2022-09-29,607.949462890625,615.161876584536,606.4284972465465,612.2180489279993,777577,LICI.NS
2022-09-30,610.0101318359375,614.6711919379647,605.4471753580765,608.6363217436741,873228,LICI.NS
2022-10-03,608.9797973632812,613.2974352644742,607.655098860041,610.3536075752047,820751,LICI.NS
2022-10-04,617.5169067382812,619.9700964678091,612.3161564901477,612.3161564901477,776287,LICI.NS
2022-10-06,617.1243896484375,623.8951568984012,616.7318553619223,618.7434588225856,774273,LICI.NS
2022-10-07,612.8067016601562,618.2037182480359,612.3160637885308,617.222442504785,644846,LICI.NS
2022-10-10,607.80224609375,611.0404442106225,606.624703171527,611.0404442106225,863600,LICI.NS
2022-10-11,607.900390625,614.229631852103,606.428476846247,609.0779336264674,775141,LICI.NS
2022-10-12,604.1224365234375,611.0404185490247,602.356092268123,609.8628756762545,700431,LICI.NS
2022-10-13,600.1483154296875,606.8700912682862,599.559573847652,604.4659533390403,686400,LICI.NS
2022-10-14,601.3258666992188,607.4588411472206,600.5408579483402,606.0359790968184,617660,LICI.NS
2022-10-17,597.3516235351562,602.0617352412405,596.6156667094456,601.32577841553,772169,LICI.NS
2022-10-18,596.468505859375,600.9333589236246,596.1250832662752,599.5595487665747,696884,LICI.NS
2022-10-19,595.6835327148438,599.5595845607645,594.1625670238019,597.4989290944922,637868,LICI.NS
2022-10-20,589.7467651367188,596.5666440331537,588.7654893211834,596.1741097500104,1042196,LICI.NS
2022-10-21,578.1677856445312,589.8940448994898,576.9902425588025,589.8940448994898,1854225,LICI.NS
2022-10-24,588.5692749023438,589.5505508057796,581.8966107374457,581.8966107374457,457731,LICI.NS
2022-10-25,584.3988037109375,589.7467689183622,583.172208933653,588.7654930965348,536666,LICI.NS
2022-10-27,584.3988037109375,586.6066743100495,583.859113987397,585.3310277201383,651827,LICI.NS
2022-10-28,581.6021728515625,586.2632328551853,580.1793109772556,584.8403709808783,737228,LICI.NS
2022-10-31,592.6415405273438,605.2509107948589,591.513049383013,595.5363161604472,2929385,LICI.NS
2022-11-01,593.8681030273438,597.5478871341403,592.6415083250782,597.5478871341403,1013858,LICI.NS
2022-11-02,607.80224609375,610.3535391816323,591.8074028605032,595.6344023846476,1836761,LICI.NS
2022-11-03,613.9351806640625,617.2224303824636,604.4658459707433,607.4096731426788,1604869,LICI.NS
2022-11-04,616.290283203125,619.0869553000794,614.5730504723427,616.2412313892819,662123,LICI.NS
2022-11-07,621.3929443359375,626.0540047158754,617.2225218907299,617.2225218907299,1044987,LICI.NS
2022-11-09,619.4794311523438,625.7596205393975,618.3018881557306,623.110163770099,626576,LICI.NS
2022-11-10,609.22509765625,623.1101751218,607.0172269569995,623.1101751218,788898,LICI.NS
2022-11-11,615.9468383789062,621.7854414312637,613.3464335235208,614.2786575221866,979067,LICI.NS
2022-11-14,652.2050170898438,672.0758530349901,645.9738795123907,651.5181120169786,8854572,LICI.NS
2022-11-15,642.4412841796875,659.7117144624738,637.8292758985718,652.5484130346928,2112529,LICI.NS
2022-11-16,630.6168823242188,642.7356138342424,628.016477639565,639.7917865953069,1364241,LICI.NS
2022-11-17,631.79443359375,637.0933471534969,625.612407702262,627.0352696666685,1211174,LICI.NS
2022-11-18,626.8389892578125,633.9041872239121,624.7783339683484,630.9603597290643,750739,LICI.NS
2022-11-21,615.3090209960938,628.310926245935,613.5917882272469,627.9184518341655,880089,LICI.NS
2022-11-22,614.0823974609375,621.932604037344,612.3161129597106,613.2973887817615,996001,LICI.NS
2022-11-23,609.568603515625,617.2225435880123,608.440112269145,615.2599917801012,914416,LICI.NS
2022-11-24,612.5614013671875,619.1850128357154,611.3348066507934,611.3348066507934,1199253,LICI.NS
2022-11-25,615.9959106445312,618.9397381744932,614.9655829875095,615.6033763502733,803958,LICI.NS
2022-11-28,618.007568359375,621.3929822942804,615.9959646825654,616.2412836649161,823562,LICI.NS
2022-11-29,624.87646484375,631.3529215502303,617.2225250018427,617.2225250018427,1571328,LICI.NS
2022-11-30,624.3858032226562,627.8202686528055,621.1476049384089,624.0914324499654,647345,LICI.NS
2022-12-01,638.71240234375,645.7775397492766,626.053921356265,626.053921356265,3163335,LICI.NS
2022-12-02,639.055908203125,641.7544168366123,635.8667616362764,635.8667616362764,905130,LICI.NS
2022-12-05,639.8899536132812,642.7356775164671,636.8480224552476,638.9086777697446,800923,LICI.NS
2022-12-06,639.4974365234375,646.4644705905531,636.8479799442807,638.8105315003494,1233657,LICI.NS
2022-12-07,641.901611328125,645.5813957088358,637.583973697828,637.583973697828,871091,LICI.NS
2022-12-08,649.9480590820312,657.7492143535588,640.675049873951,642.7357052774518,2234602,LICI.NS
2022-12-09,659.2701416015625,663.4405638738309,651.5671503026548,652.5484261314239,2723169,LICI.NS
2022-12-12,684.1455078125,690.5238005877743,657.5528973832706,659.4173453822028,5932237,LICI.NS
2022-12-13,704.8504638671875,710.9343863986852,686.8931269552514,686.8931269552514,7100398,LICI.NS
2022-12-14,710.738037109375,718.2938726112084,698.5702533447961,710.4436663531624,5008176,LICI.NS
2022-12-15,695.4793090820312,717.1654829814846,692.7808002989968,714.4669741984502,2263539,LICI.NS
2022-12-16,675.657470703125,698.2758669387487,674.1855569364815,688.1687377195948,2820832,LICI.NS
2022-12-19,720.84521484375,727.8613611222493,676.8350169653811,676.8840687793747,6490103,LICI.NS
2022-12-20,726.0950317382812,740.1272635365119,716.3803774744102,724.181531972086,8871743,LICI.NS
2022-12-21,688.5121459960938,733.699881783473,684.9304655930139,728.1065980945793,4546599,LICI.NS
2022-12-22,668.8375854492188,700.2875238875307,667.2675680695141,691.9957310999669,4221417,LICI.NS
2022-12-23,646.4154663085938,674.185560890331,642.8337854984928,666.2863022748162,3498066,LICI.NS
2022-12-26,675.1177368164062,677.9634605360781,648.6232907494833,648.6232907494833,2728756,LICI.NS
2022-12-27,679.631591796875,685.6174100829728,668.7885062384067,680.5147639694814,1862730,LICI.NS
2022-12-28,674.185546875,680.5147879555749,672.1739434024064,677.080322551329,944339,LICI.NS
2022-12-29,670.8983154296875,673.7439794796785,668.5922812302725,673.7439794796785,978328,LICI.NS
2022-12-30,671.7813720703125,679.2881557111559,670.5057255403988,673.1551821131859,878093,LICI.NS
2023-01-02,696.2152099609375,701.219692798653,671.8795810556373,672.1739518297986,2988258,LICI.NS
2023-01-03,720.84521484375,723.9853095395607,702.3481890438152,704.5560597044489,4845441,LICI.NS
2023-01-04,717.3125610351562,732.0316970345096,714.3687338352855,723.1021118184957,3772736,LICI.NS
2023-01-05,714.1724853515625,724.4758808200501,709.0698394268,720.1091917144653,1602415,LICI.NS
2023-01-06,694.0563354492188,715.742565754965,691.9956803030811,714.1724885981902,1625158,LICI.NS
2023-01-09,698.2758178710938,704.5560067910619,694.7923008466215,702.5934552401119,1268499,LICI.NS
2023-01-10,701.6121826171875,705.0466478467821,695.2338900479403,698.3739845220339,1546064,LICI.NS
2023-01-11,701.7103271484375,709.9530681369502,697.2455340681281,701.170637416501,1322852,LICI.NS
2023-01-12,692.1919555664062,704.1144202959633,689.9349733702963,702.6915584439046,1156008,LICI.NS
2023-01-13,699.453369140625,702.7897307740474,692.0447489256982,693.2222918488073,1241951,LICI.NS
2023-01-16,695.9208374023438,705.1447943589183,694.448923642987,700.6309494538206,746717,LICI.NS
2023-01-17,692.486328125,698.1777156557465,685.6173976828493,694.7432504346712,981024,LICI.NS
2023-01-18,693.3694458007812,695.8226352635526,689.9349805529013,693.761980071753,601657,LICI.NS
2023-01-19,688.4630737304688,697.6870901592638,687.1874271755897,691.7994353899874,651600,LICI.NS
2023-01-20,685.47021484375,692.0938266554313,682.0848012726483,688.8556284148517,528700,LICI.NS
2023-01-23,687.7762451171875,691.6522366862554,685.1267884288745,686.8930729236422,530547,LICI.NS
2023-01-24,688.9537353515625,701.1215795839873,686.8930800682871,688.855631725625,1092923,LICI.NS
2023-01-25,676.4915771484375,691.7504042360129,673.1552153892873,689.8369044003921,864582,LICI.NS
2023-01-27,653.480712890625,679.5335766674228,647.6421091703958,678.0616627829446,1736675,LICI.NS
2023-01-30,644.2076416015625,671.1927294066546,627.2315801608249,636.8480722001738,3024474,LICI.NS
2023-01-31,641.0675048828125,650.4877890378132,638.6143152422902,647.6420650978772,1811224,LICI.NS
2023-02-01,587.2445068359375,652.9409327682956,571.4459307264195,647.6420195604184,6326960,LICI.NS
2023-02-02,587.88232421875,594.653151384513,572.2310226861022,572.2310226861022,3377223,LICI.NS
2023-02-03,587.833251953125,593.1812170046669,575.0276148299997,590.8261311439978,2276729,LICI.NS
2023-02-06,588.6674194335938,596.0269884718917,585.8216954485214,590.7280748073867,1567204,LICI.NS
2023-02-07,591.7584228515625,606.6247767772774,589.9921382000737,590.7280951292213,2084510,LICI.NS
2023-02-08,598.8235473632812,601.1295214994357,593.1812116036109,593.6718494957561,1374494,LICI.NS
2023-02-09,601.6693115234375,606.428475440107,598.1857343412728,601.8655187796229,1434333,LICI.NS
2023-02-10,608.4401245117188,628.0165911679996,605.4962967406187,618.2038319309996,3943115,LICI.NS
2023-02-13,595.340087890625,611.9727260215727,594.0153295183056,609.3723209847554,1315642,LICI.NS
2023-02-14,586.8519897460938,598.2838769587557,585.0366534435287,593.720920457693,1528074,LICI.NS
2023-02-15,589.7467651367188,592.6415407710125,583.9572138681314,583.9572138681314,933878,LICI.NS
2023-02-16,591.5130004882812,594.8984137491109,590.7279918795294,592.7395951558052,703040,LICI.NS
2023-02-17,591.3659057617188,594.4078368924767,589.0598716146903,591.7093283469475,642400,LICI.NS
2023-02-20,587.2936401367188,593.6719336386213,585.2329846545742,593.6719336386213,885378,LICI.NS
2023-02-21,585.9688720703125,590.0411307337143,584.7422773116392,588.7654841631586,648784,LICI.NS
2023-02-22,584.7913208007812,587.4898292314573,582.3381313183486,585.8216484049387,761922,LICI.NS
2023-02-23,579.8358764648438,587.735134435083,579.0508079349676,584.8403589350445,916630,LICI.NS
2023-02-24,573.6538696289062,583.6628958300464,573.0651280433273,579.9340593726137,1119544,LICI.NS
2023-02-27,557.1193237304688,574.4388651930645,555.4020911165924,573.6537966557219,1912489,LICI.NS
2023-02-28,567.5700073242188,571.8385335534003,556.972179637938,557.3647139568106,2207400,LICI.NS
2023-03-01,590.4336547851562,593.2302668295558,569.3852771124864,570.4156047134588,1822832,LICI.NS
2023-03-02,589.8448486328125,595.9287704599814,585.8216418833393,590.6299171723084,1383893,LICI.NS
2023-03-03,603.9262084960938,607.4097256388212,596.3213209779987,597.5969675509566,2101679,LICI.NS
2023-03-06,600.1974487304688,613.2974584868151,598.4802158467056,608.3910788189206,1404596,LICI.NS
2023-03-08,591.6602783203125,598.9707952896501,590.7280542960317,598.9707952896501,900075,LICI.NS
2023-03-09,587.3425903320312,594.9965292315591,581.4058840012837,593.6718309211419,1465695,LICI.NS
2023-03-10,584.3497314453125,585.772593315625,579.0017664250735,583.8590935515717,649101,LICI.NS
2023-03-13,571.2006225585938,587.2935697294971,569.1399673234893,584.3497423123067,1137818,LICI.NS
2023-03-14,567.6680297851562,576.4504598562341,564.2335646092737,574.0953740644154,879186,LICI.NS
2023-03-15,566.6376953125,575.7635478331384,565.2148334927783,570.1212122557365,817032,LICI.NS
2023-03-16,561.7313842773438,568.0606256231384,560.0632033183421,566.1961775114908,972000,LICI.NS
2023-03-17,569.0418701171875,571.2006290002814,564.2335946579558,564.5770172369054,696661,LICI.NS
2023-03-20,564.135498046875,568.2077568018153,559.5234896721279,568.1587049888302,725166,LICI.NS
2023-03-21,561.8295288085938,567.913451629571,560.8482528662532,566.9812275058814,779267,LICI.NS
2023-03-22,562.0256958007812,566.932074637977,561.2897389752019,562.271014742641,931326,LICI.NS
2023-03-23,558.149658203125,564.2335800886318,557.3646495484224,562.3691321279322,748086,LICI.NS
2023-03-24,549.5144653320312,562.271051134382,548.5331895010812,559.3272236415318,1305399,LICI.NS
2023-03-27,533.9121704101562,552.114885490915,529.0057911198871,549.6125841390175,1741356,LICI.NS
2023-03-28,526.7489013671875,539.0639021727902,524.9826166913647,535.7766518009067,1821333,LICI.NS
2023-03-29,521.8914794921875,532.5383572296333,520.1251951348263,527.4357113921203,2245923,LICI.NS
2023-03-31,524.3446655273438,536.7087757352184,521.1555193856316,524.5409326529897,2030925,LICI.NS
2023-04-03,534.3536987304688,538.2788017381554,527.5338202761495,529.888906037689,1228058,LICI.NS
2023-04-05,539.6526489257812,545.0987177456758,536.4144506998161,539.1129592035076,1156963,LICI.NS
2023-04-06,540.2413940429688,545.9818935606448,537.886367995888,540.6829801431473,1088256,LICI.NS
2023-04-10,539.0148315429688,545.5893919496039,538.229822813593,544.068426306627,818437,LICI.NS
2023-04-11,540.1923217773438,544.8533817745142,539.0147788522258,539.7997875048641,659636,LICI.NS
2023-04-12,539.0148315429688,543.5287365484515,538.7204607559937,542.3511935082245,682171,LICI.NS
2023-04-13,540.6339721679688,543.087161931965,537.9354634275728,539.6036444455559,562523,LICI.NS
2023-04-17,534.4027709960938,541.0263825751113,533.8140294793318,540.6339081947103,947673,LICI.NS
2023-04-18,538.1807250976562,541.9586129750039,535.8746910296528,535.8746910296528,612736,LICI.NS
2023-04-19,536.2672729492188,539.7017385582257,534.7953591167873,538.720462669938,482728,LICI.NS
2023-04-20,541.566162109375,545.7856362589324,536.2181967826028,537.4938434009819,731513,LICI.NS
2023-04-21,537.7391357421875,540.2904288526488,534.893411979324,540.2904288526488,655602,LICI.NS
2023-04-24,539.1129760742188,543.4305538798433,537.2485280018486,538.6223381491029,446849,LICI.NS
2023-04-25,538.0335083007812,545.5893439271576,536.9541288794368,540.6829649350069,987652,LICI.NS
2023-04-26,537.4938354492188,540.0451286482327,536.8069303903078,538.033525176819,498401,LICI.NS
2023-04-27,535.482177734375,542.6945303915326,532.8327212854315,537.7390999344685,1151408,LICI.NS
2023-04-28,539.6035766601562,542.4492404935206,536.3162668539586,538.2297666079661,1231240,LICI.NS
2023-05-02,539.750732421875,544.2155252557397,538.9166719633132,541.6642321770515,1224198,LICI.NS
2023-05-03,541.0264282226562,542.5474537385456,539.7017297520136,540.6339538091414,856689,LICI.NS
2023-05-04,542.1058349609375,555.9908517818151,538.8185250514445,541.6642488665492,4283342,LICI.NS
2023-05-05,549.5635375976562,554.7642877167779,541.3208562463105,542.154916776729,2503952,LICI.NS
2023-05-08,552.1638793945312,556.3833531631602,551.4769743874709,552.4582501426088,1104965,LICI.NS
2023-05-09,546.9140625,555.8437085309502,545.5403122668473,553.8811568615972,1015395,LICI.NS
2023-05-10,547.3556518554688,549.8088414567324,544.7061951076392,548.2878758824138,589178,LICI.NS
2023-05-11,550.4957275390625,553.1451841955225,548.5331759257325,549.4653999205287,680822,LICI.NS
2023-05-12,551.5751342773438,553.881168472569,547.0612893001381,550.4957547935022,892781,LICI.NS
2023-05-15,557.0211791992188,562.2709802762855,550.691938908745,553.4394989106895,2164688,LICI.NS
2023-05-16,556.8740234375,563.7920059352194,555.7946440009819,558.3459371558371,902155,LICI.NS
2023-05-17,559.3272094726562,560.2594334669085,555.3040026246064,557.3646578604715,862004,LICI.NS
2023-05-18,557.5118408203125,566.0488919238147,556.3833497518954,561.2897284975029,964354,LICI.NS
2023-05-19,554.4207763671875,559.3762067261655,551.5750528501462,559.3271549191095,515091,LICI.NS
2023-05-22,566.6868286132812,568.4531132434805,556.0890609397582,558.3459835168087,1506327,LICI.NS
2023-05-23,579.0999755859375,583.3685016410146,570.0231738362666,570.1212774658192,2726826,LICI.NS
2023-05-24,582.77978515625,592.8869150204396,580.9643887928032,583.0251041330134,2488874,LICI.NS
2023-05-25,592.298095703125,603.9753026023265,589.746802378551,595.6344576435615,5187933,LICI.NS
2023-05-26,592.9849853515625,598.7745368349647,591.8074423507642,597.2044595364587,1195590,LICI.NS
2023-05-29,593.8681030273438,598.6763183248329,592.0036551229723,598.5782147055795,1131333,LICI.NS
2023-05-30,589.648681640625,595.094750624291,588.2748714950494,594.1625265892451,720683,LICI.NS
2023-05-31,584.00634765625,588.2258218441415,581.8965806161417,588.2258218441415,720695,LICI.NS
2023-06-01,585.9688720703125,589.2561220666279,582.8287775096445,583.8591051284657,694568,LICI.NS
2023-06-02,585.6744995117188,590.1393527900486,584.9385425835098,587.8823702963455,507824,LICI.NS
2023-06-05,585.42919921875,590.7281132278923,584.7914057960116,587.2936474533116,641136,LICI.NS
2023-06-06,586.5576782226562,588.5202300527613,584.8404453713143,586.8520490187062,480880,LICI.NS
2023-06-07,590.0902099609375,593.6718907795956,586.3123218856337,587.7842356644261,809884,LICI.NS
2023-06-08,592.101806640625,598.9707368341714,591.0223673891054,591.0714191977385,1424334,LICI.NS
2023-06-09,590.6790771484375,595.634508776763,589.108999674253,593.6719568532811,660925,LICI.NS
2023-06-12,585.8706665039062,590.2373555098325,583.9081150308893,587.587899042796,803879,LICI.NS
2023-06-13,587.6861572265625,589.501493674622,586.5086141745896,586.5086141745896,400863,LICI.NS
2023-06-14,584.8403930664062,590.6299444043622,584.1044361959368,588.6673927497769,644399,LICI.NS
2023-06-15,585.23291015625,593.6228062545869,583.9081518929411,584.8403758799388,847451,LICI.NS
2023-06-16,593.1321411132812,595.3400115584021,585.2328832769791,585.2328832769791,1405526,LICI.NS
2023-06-19,606.7227783203125,609.3231829893402,592.2489611491869,593.6718229512527,2500627,LICI.NS
2023-06-20,618.5471801757812,620.6569471149983,607.4587755496616,608.3909995435556,3041047,LICI.NS
2023-06-21,624.1405639648438,627.7712970045321,621.1967360773665,624.6802537657483,1580109,LICI.NS
2023-06-22,629.7337646484375,641.7543935801763,624.729281866439,625.955876655392,3120722,LICI.NS
2023-06-23,613.2483520507812,634.7873688529718,611.0895332107128,630.9603690959267,1538801,LICI.NS
2023-06-26,604.3677978515625,614.0823924756053,602.2089790821121,613.2483319905625,946727,LICI.NS
2023-06-27,605.2508544921875,608.8815866488958,600.2954240652086,604.7602166302626,975533,LICI.NS
2023-06-28,608.3909301757812,611.089438333819,603.4845517066217,606.4283787881175,1156188,LICI.NS
2023-06-30,620.4115600585938,621.63815468109,608.5871998761932,610.4515877669982,1371193,LICI.NS
2023-07-03,617.2715454101562,625.9067606871082,616.2412177729177,623.110148544272,888170,LICI.NS
2023-07-04,614.1806030273438,620.9023189116532,612.6105256691759,618.9397671331889,625593,LICI.NS
2023-07-05,615.0146484375,617.7131570664639,613.2974156736138,614.2786915386916,569014,LICI.NS
2023-07-06,616.1431274414062,619.5284811950437,612.3161276864362,613.3955071597229,624168,LICI.NS
2023-07-07,610.9422607421875,618.8906302883447,609.6175624306541,614.7692601413357,711064,LICI.NS
2023-07-10,606.9682006835938,612.0217955647989,605.4472350052391,611.3348904509951,791576,LICI.NS
2023-07-11,610.1572875976562,618.1056576060098,608.9797446454199,611.3348305498927,608461,LICI.NS
2023-07-12,608.8325805664062,612.3160976692333,606.4284428839521,611.4329254945125,523272,LICI.NS
2023-07-13,604.1715087890625,612.7086200403091,602.7486469318013,609.3722584365463,802085,LICI.NS
2023-07-14,607.1153564453125,608.3910030215707,604.2696326355407,605.2999602589675,534996,LICI.NS
2023-07-17,609.274169921875,613.2973767564687,605.937808235391,605.937808235391,711158,LICI.NS
2023-07-18,609.0779418945312,614.2296401900998,606.4284850783451,612.3161402732806,701393,LICI.NS
2023-07-19,608.7344360351562,611.7273752248688,607.9003755381592,610.2554614826456,501945,LICI.NS
2023-07-20,619.4823608398438,620.6656260926068,610.4107408131551,612.826561499344,1166529,LICI.NS
2023-07-21,629.8854370117188,636.9695050458457,617.7484388152681,620.9684587449386,2019022,LICI.NS
2023-07-24,620.8694458007812,634.0962735683937,619.2346421566345,629.8854780017286,927514,LICI.NS
2023-07-25,617.3026123046875,624.9811217968521,615.3210614679999,620.9684934469861,671845,LICI.NS
2023-07-26,622.157470703125,624.7829894247213,618.0457282990845,618.8383365834885,651954,LICI.NS
2023-07-27,624.4362182617188,629.4396221168703,622.1079201770061,622.1079201770061,705149,LICI.NS
2023-07-28,620.9684448242188,627.6066517017672,618.7392003074983,624.1884646817037,646004,LICI.NS
2023-07-31,634.0467529296875,635.483389407599,621.2161989275858,621.2161989275858,1469797,LICI.NS
2023-08-01,641.2793579101562,644.6975450293639,634.0962364812669,638.0593379592748,1987633,LICI.NS
2023-08-02,635.3347778320312,653.6641242490177,628.1516555875365,642.0225123355264,2568000,LICI.NS
2023-08-03,638.6043090820312,642.9637452841913,635.0870683020863,635.3842888449302,1008085,LICI.NS
2023-08-04,652.4255981445312,658.8656382173323,640.1895461950618,640.1895461950618,2593055,LICI.NS
2023-08-07,649.5028076171875,658.7665939794897,647.0258690933845,653.0200482265614,1110788,LICI.NS
2023-08-08,637.712646484375,653.0696660533653,634.6412062872961,649.8991724995338,1157301,LICI.NS
2023-08-09,638.0098876953125,641.0317408397744,635.087087910812,639.3474104154744,672748,LICI.NS
2023-08-10,635.7805786132812,643.0132268517017,633.7990278371589,639.5455129934876,634420,LICI.NS
2023-08-11,653.7631225585938,672.7364956300917,649.0569394153788,659.8564154486613,5254644,LICI.NS
2023-08-14,649.7505493164062,655.2493411497468,642.072039327181,653.9118184372525,1215416,LICI.NS
2023-08-16,643.2609252929688,648.4624961174402,642.3692032484927,648.4624961174402,701542,LICI.NS
2023-08-17,653.5650024414062,655.8933003914059,644.0039958525889,644.4498568672205,1191732,LICI.NS
2023-08-18,644.796630859375,654.9025522318112,644.0040226182713,653.3173357496039,752476,LICI.NS
2023-08-21,646.1342163085938,649.800036996046,644.4994126717646,645.093853736721,566994,LICI.NS
2023-08-22,657.7758178710938,660.8967241244904,646.1342068215888,647.7689499622827,1786271,LICI.NS
2023-08-23,652.57421875,661.7388908819223,651.9301905734997,659.5591729831474,813337,LICI.NS
2023-08-24,649.4532470703125,660.0050288202607,647.9670840335384,654.5557643520887,606670,LICI.NS
2023-08-25,642.3692016601562,651.7320412154803,639.0501282835052,647.9671068176935,698906,LICI.NS
2023-08-28,649.1560668945312,651.385311588213,643.1618877015026,643.756328764298,731456,LICI.NS
2023-08-29,645.8865356445312,654.4071802676409,644.4994258351255,649.1560825128346,489634,LICI.NS
2023-08-30,645.0443115234375,649.8000213449405,644.2517032985422,647.9671110453619,574588,LICI.NS
2023-08-31,639.3473510742188,649.4037455345135,637.118106432766,645.3415301268099,710410,LICI.NS
2023-09-01,639.7932739257812,643.4096286602482,639.0997189869898,639.347412859977,793487,LICI.NS
2023-09-04,652.524658203125,657.8748695843808,641.0316876823711,641.0316876823711,2492988,LICI.NS
2023-09-05,653.9117431640625,662.8782481539317,653.0200211436234,653.9117431640625,1878186,LICI.NS
2023-09-06,671.7457275390625,684.6258078606079,655.0511860803737,655.7446804892129,5680338,LICI.NS
2023-09-07,669.8632202148438,680.4645290333042,668.3770571226894,673.9254356166775,1684464,LICI.NS
2023-09-08,667.9312744140625,678.4829963669299,666.9900256694632,677.6903881243688,1578942,LICI.NS
2023-09-11,672.7860107421875,678.5820830074907,669.714631248257,671.3989614913057,1592447,LICI.NS
2023-09-12,653.5650024414062,677.0959176744816,652.3760598930985,677.0959176744816,1594449,LICI.NS
2023-09-13,653.2182006835938,660.7976565844918,648.5120175944149,653.9612822239903,890096,LICI.NS
2023-09-14,654.7044067382812,659.8564511842973,653.3173573884418,656.8345981494267,847932,LICI.NS
2023-09-15,661.3425903320312,665.1075248192703,652.5246649387512,656.4382399272774,1743786,LICI.NS
2023-09-18,657.5776977539062,665.6029549479684,655.5961467951614,661.3426324810943,732801,LICI.NS
2023-09-20,649.6019287109375,659.70778962344,647.0754030106792,653.9117776017322,1074642,LICI.NS
2023-09-21,648.5120239257812,653.4659009101232,647.9671095519299,649.4037459718153,652802,LICI.NS
2023-09-22,645.2920532226562,653.7136447399221,643.0132817300586,649.8991833591913,695541,LICI.NS
2023-09-25,640.6849365234375,646.9763361238444,639.5455206247191,644.0040099241943,651991,LICI.NS
2023-09-26,639.0006103515625,643.8553735588796,638.0593616212043,641.8738227463914,414742,LICI.NS
2023-09-27,639.0006103515625,643.8553735588796,638.0593616212043,639.0501370274484,531459,LICI.NS
2023-09-28,644.3012084960938,645.9855387129306,637.1180870916938,640.0408865161859,923774,LICI.NS
2023-09-29,643.75634765625,646.8277273577147,640.8830746667759,644.3012620584925,873339,LICI.NS
2023-10-03,639.3969116210938,643.5581806000047,638.5547766785638,642.1215441049821,470219,LICI.NS
2023-10-04,631.5697631835938,638.0593296751498,628.2011027821716,637.0685543185114,694550,LICI.NS
2023-10-05,631.8670654296875,636.0778612400774,630.6285960736905,633.2045881453097,396155,LICI.NS
2023-10-06,638.4061279296875,640.0409315877666,632.1642547779796,632.1642547779796,626615,LICI.NS
2023-10-09,629.4396362304688,633.3532113831096,624.2875917556082,633.3036847046478,718556,LICI.NS
2023-10-10,629.6377563476562,635.0374942833014,628.8451481351143,629.4891158512476,481417,LICI.NS
2023-10-11,631.470703125,636.0778331144488,630.7276215442588,632.2137847057412,653919,LICI.NS
2023-10-12,631.421142578125,638.2575169430962,630.3313138403496,632.1146974440414,1325826,LICI.NS
2023-10-13,628.795654296875,633.1055032522269,628.1516260749794,630.1331769458784,615655,LICI.NS
2023-10-16,631.2725830078125,634.7898236541963,628.7956444579461,628.7956444579461,1139234,LICI.NS
2023-10-17,643.21142578125,645.8369444059645,633.3531980888814,633.4522514437258,1103994,LICI.NS
2023-10-18,630.7276000976562,644.9947901516138,628.6469959311811,643.211406512902,875559,LICI.NS
2023-10-19,628.8451538085938,635.0870266878547,626.7644892007528,628.6469866356379,657460,LICI.NS
2023-10-20,629.0928955078125,631.9165814027888,627.953479530746,628.5975077738071,654219,LICI.NS
2023-10-23,611.7542724609375,630.826698587839,609.4755011739675,629.0928416672116,1105408,LICI.NS
2023-10-25,605.413330078125,617.8475499520566,602.9363914390098,614.2807825005846,1094888,LICI.NS
2023-10-26,599.4191284179688,606.8499440595139,591.8396722747398,604.2243650106482,1084441,LICI.NS
2023-10-27,601.0538940429688,607.097599527092,600.5089192193419,602.3914165850216,617526,LICI.NS
2023-10-30,598.62646484375,603.5308148082667,597.0907751808741,601.0042893459727,465617,LICI.NS
2023-10-31,596.6945190429688,603.9271677854263,594.6634414503254,600.9053147356755,536471,LICI.NS
2023-11-01,594.4652709960938,602.2428341027721,593.4744955444336,598.2797322961316,549716,LICI.NS
2023-11-02,600.6576538085938,603.4318131461894,596.7440784439906,598.2302417111458,741948,LICI.NS
2023-11-03,602.4409790039062,604.6702236876844,601.4006769125697,602.3914523275821,418848,LICI.NS
2023-11-06,605.7601318359375,608.2370704507849,603.8776342997998,604.2739686670291,580132,LICI.NS
2023-11-07,605.1655883789062,608.237028331908,604.5216206669195,606.3545309261285,453744,LICI.NS
2023-11-08,607.6920776367188,609.8717956478588,605.3637795963549,606.354555013043,744275,LICI.NS
2023-11-09,609.1287231445312,611.5066083688001,607.7416738238188,608.3361148938194,393625,LICI.NS
2023-11-10,604.6207275390625,613.8844539483079,602.490536100378,608.583829399212,671906,LICI.NS
2023-11-13,599.9640502929688,600.9052990470734,592.7314017393433,599.4191359002134,1079051,LICI.NS
2023-11-15,601.2025146484375,605.363783519924,600.5089597578343,601.5988490065344,840602,LICI.NS
2023-11-16,603.679443359375,607.2462711076691,598.6760396487107,602.2428069248731,1367472,LICI.NS
2023-11-17,608.9801025390625,613.0917840222429,603.1345036942827,603.6794180508332,1177051,LICI.NS
2023-11-20,606.3545532226562,610.1194877005273,604.3234757188695,608.9801322579798,502409,LICI.NS
2023-11-21,605.2647094726562,610.0204192465592,604.3729874334923,607.345313601198,718571,LICI.NS
2023-11-22,603.134521484375,607.4939574096237,602.094219414434,605.3637661223049,600947,LICI.NS
2023-11-23,612.001953125,622.2069272578931,602.3914200203806,603.6298892227252,736051,LICI.NS
2023-11-24,671.3989868164062,675.7088356998322,614.8256741130967,615.2220084695157,18997036,LICI.NS
2023-11-28,668.079833984375,688.0935089748293,664.9093406390929,674.7180411977807,8034353,LICI.NS
2023-11-29,674.6190185546875,685.6166017053271,665.8506196628928,670.7549701654717,3497491,LICI.NS
2023-11-30,673.2318725585938,692.5519925216439,670.7549341017924,675.708811015395,4305902,LICI.NS
2023-12-01,664.7112426757812,681.0590368403875,660.995834911098,678.6811516821376,1616633,LICI.NS
2023-12-04,712.3674926757812,720.9872505091214,673.7272531565109,673.7272531565109,13408726,LICI.NS
2023-12-05,707.463134765625,720.1946344438351,696.1187447823293,713.3582602608172,5078973,LICI.NS
2023-12-06,739.1184692382812,743.8741791979347,707.413655544414,713.308781435044,9601936,LICI.NS
2023-12-07,778.2045288085938,792.620298391157,730.1023965444064,741.0009256472848,15595341,LICI.NS
2023-12-08,765.324462890625,795.9889733372323,762.897051088191,782.7125589086635,6927164,LICI.NS
2023-12-11,763.8383178710938,776.4211777291413,760.9155183040151,767.8509462052236,2160731,LICI.NS
2023-12-12,784.4464111328125,791.6295326746033,762.89704650744,762.89704650744,5822501,LICI.NS
2023-12-13,797.6237182617188,803.2711500978131,788.1618253503674,788.1618253503674,5973611,LICI.NS
2023-12-14,807.7296142578125,812.4357972295692,799.7538846843139,803.5188189672934,4007659,LICI.NS
2023-12-15,788.805908203125,811.3460499619954,784.6941658472682,808.4727769335491,2964146,LICI.NS
2023-12-18,794.2551879882812,803.4198611812517,786.1308169552209,790.6388332962547,2171792,LICI.NS
2023-12-19,786.7252197265625,799.2585531308752,784.6941421852823,795.8403657958687,1396214,LICI.NS
2023-12-20,754.227783203125,802.0326968839798,748.1344902238626,790.6387796336206,2897254,LICI.NS
2023-12-21,757.4478149414062,761.7576638656925,739.4156900517755,745.9052570127658,2869747,LICI.NS
2023-12-22,785.4867553710938,813.4266348249147,781.5731802954754,799.5557786890453,10836454,LICI.NS
2023-12-26,774.0927734375,791.2331749994192,772.8047775693102,787.6664079071816,1907597,LICI.NS
2023-12-27,813.822998046875,818.3310143564581,776.8174978317734,777.7587466259389,10656808,LICI.NS
2023-12-28,819.272216796875,829.0313304689352,799.159427446932,814.4173930629993,7403621,LICI.NS
2023-12-29,824.820556640625,836.1154208843773,815.011855561991,819.916206101308,4195993,LICI.NS
2024-01-01,850.828369140625,856.0299399563319,823.3343519718886,823.8297396686227,6424762,LICI.NS
2024-01-02,829.9725952148438,848.9954956892537,828.2882648784393,845.9240555529555,3672560,LICI.NS
2024-01-03,831.0128784179688,845.4286485959494,828.3872993822514,829.9725763277885,3684845,LICI.NS
2024-01-04,827.545166015625,838.0969483823485,825.3159213301594,829.2790229932094,2024609,LICI.NS
2024-01-05,836.6107788085938,853.0080997186163,828.8826822475226,828.8826822475226,4193233,LICI.NS
2024-01-08,816.2503051757812,841.069277812253,811.74228911143,837.2052294873047,2265484,LICI.NS
2024-01-09,824.77099609375,830.1211469851919,820.8574211585557,821.4518622113387,1408365,LICI.NS
2024-01-10,830.8642578125,843.1003707505819,827.2974904258647,827.2974904258647,2639631,LICI.NS
2024-01-11,826.3067016601562,842.1591084066341,823.3343753951917,833.2421296117403,1576154,LICI.NS
2024-01-12,821.6500244140625,830.2697824600428,819.3712530960089,822.3435792862,1800261,LICI.NS
2024-01-15,821.6500244140625,821.6500244140625,821.6500244140625,821.6500244140625,0,LICI.NS
2024-01-16,884.3165893554688,891.6978783316405,842.159107313216,848.1037598354269,12525303,LICI.NS
2024-01-17,879.3131713867188,909.9776822466876,865.9377034275968,873.863906662632,9015612,LICI.NS
2024-01-18,892.8867797851562,898.6332648640616,859.051776549879,881.7900834939525,4546830,LICI.NS
2024-01-19,893.580322265625,906.5594553057408,889.716274168913,900.6148031398016,3328849,LICI.NS
2024-01-23,867.1761474609375,941.2861334585745,861.1819685332113,935.2424278564962,5296256,LICI.NS
2024-01-24,898.8314819335938,915.4764970584109,858.011522134831,870.0989944718037,3503761,LICI.NS
2024-01-25,895.1655883789062,915.3774310546763,890.8061523595418,906.5595056631978,2629355,LICI.NS
2024-01-29,907.1539306640625,923.3036180370739,895.2646258822418,901.6056126213987,3792964,LICI.NS
2024-01-30,924.29443359375,946.1905466627464,909.0859942829585,913.9903448129671,9707445,LICI.NS
2024-01-31,940.9889526367188,962.9346523200738,928.1088722110517,929.4959819842072,7726332,LICI.NS
2024-02-01,928.3565673828125,955.1075036894676,917.4580377763974,948.0730224050891,3463799,LICI.NS
2024-02-02,936.7286376953125,946.3391714125944,928.3565732593263,934.1525853069375,4534536,LICI.NS
2024-02-05,989.6360473632812,1018.5171763083498,946.1905674848969,947.6767306798994,17219410,LICI.NS
2024-02-06,1016.386962890625,1023.471031489108,981.1153813476178,1004.6958247705586,7368232,LICI.NS
2024-02-07,1034.8153076171875,1040.3141594089107,1004.7452987221727,1021.5390141477592,7354236,LICI.NS
2024-02-08,1095.0545654296875,1134.4378895426305,1061.1205062883469,1063.993779280409,22872046,LICI.NS
2024-02-09,1070.879638671875,1164.1611730224886,1057.1574226510597,1141.3733372952397,21551992,LICI.NS
2024-02-12,1013.018310546875,1114.622314791926,1000.7821981856584,1101.7918218571372,11741691,LICI.NS
2024-02-13,1002.1198120117188,1033.6760454647701,970.9103862394169,1020.2509901278676,8474155,LICI.NS
2024-02-14,1060.625,1068.5512027090144,980.8675852405418,990.7753386268099,9358003,LICI.NS
2024-02-15,1046.35791015625,1076.873841857344,1039.3730159231386,1072.0190180488607,5013229,LICI.NS
2024-02-16,1030.2578125,1057.7023646321527,1020.5977520030857,1052.2035125869716,5404201,LICI.NS
2024-02-19,1042.493896484375,1081.9268083913655,1040.3142388378515,1070.0375028046474,6832181,LICI.NS
2024-02-20,1032.53662109375,1046.6551707323767,1026.4929152618574,1045.268060964992,3173173,LICI.NS
2024-02-21,1033.9290771484375,1049.0468403629689,1022.143054390171,1038.354966901104,3929842,LICI.NS
2024-02-22,1058.6446533203125,1064.2143489956209,1026.4695989201139,1035.818674577475,5132257,LICI.NS
2024-02-23,1060.7332763671875,1076.149465568961,1042.3830868169225,1056.3073867411051,4331573,LICI.NS
2024-02-26,1035.5203857421875,1069.8834963839502,1030.7960696331393,1060.733290589477,2958776,LICI.NS
2024-02-27,1034.575439453125,1062.22516939281,1031.4922258839433,1038.3549408671288,3772686,LICI.NS
2024-02-28,1001.5053100585938,1047.2068649170462,998.3723182126696,1040.5430197921776,3573062,LICI.NS
2024-02-29,1017.2695922851562,1021.4468945499508,991.7085429582157,1006.5280012507792,3013025,LICI.NS
2024-03-01,1024.13232421875,1035.32149503919,1019.557220876447,1021.6458418142078,2087742,LICI.NS
2024-03-04,1031.29345703125,1043.328007477969,1015.6783355314009,1031.3928920444746,2450117,LICI.NS
2024-03-05,1021.695556640625,1040.1949603006653,1018.3636947073012,1031.7906988588206,2024712,LICI.NS
2024-03-06,1004.8372192382812,1029.3538983981957,992.852386641982,1024.4307119872192,2542290,LICI.NS
2024-03-07,1019.2588500976562,1028.409056192126,1001.5550479550008,1006.5280124433573,1822489,LICI.NS
2024-03-11,1006.4285888671875,1039.3495898719884,1000.6101839266422,1029.4036607823043,2777683,LICI.NS
2024-03-12,980.917236328125,1013.3907184211927,975.2480447223884,1011.4015326441014,2878325,LICI.NS
2024-03-13,904.8308715820312,989.5701970055958,895.1335910127267,985.0945290505322,6431249,LICI.NS
2024-03-14,953.3173217773438,957.146480269252,896.1779459053743,905.079564754703,4958488,LICI.NS
2024-03-15,920.1476440429688,964.4567455163277,913.9811559331613,951.8254035682821,3560100,LICI.NS
2024-03-18,899.5098266601562,928.9497516819423,897.122779461576,911.5443762489296,3765432,LICI.NS
2024-03-19,874.794189453125,913.7822440050332,870.9153134934903,900.1065913736654,4240551,LICI.NS
2024-03-20,862.2125854492188,889.9616901687906,860.3228347094229,881.1098500266511,4003650,LICI.NS
2024-03-21,896.9238891601562,904.6319843421081,872.755293182289,877.2309613524546,6292495,LICI.NS
2024-03-22,901.4492797851562,904.0849753374459,883.6958202280755,900.1066036087883,4895634,LICI.NS
2024-03-26,892.597412109375,913.0362841060157,887.3757993734746,904.1843829954836,3883441,LICI.NS
2024-03-27,887.6741943359375,908.0633494999562,884.1434015583174,896.0785167762796,7788410,LICI.NS
2024-03-28,911.1962890625,922.9821903795831,896.8741273435228,897.7692852153832,4191452,LICI.NS
2024-04-01,965.3518676757812,979.1270160951694,919.003861703111,919.9984546270322,4863536,LICI.NS
2024-04-02,993.0015869140625,996.3831663893685,956.1021534821206,967.3908194483431,5922613,LICI.NS
2024-04-03,992.3550415039062,1010.5063614813016,984.6469467189849,989.6199110963535,4112423,LICI.NS
2024-04-04,1001.1074829101562,1010.8544813016432,986.5864506845875,998.3723524035836,3198816,LICI.NS
2024-04-05,987.382080078125,1006.1301315547956,984.6966671652921,1000.5604357175459,2430940,LICI.NS
2024-04-08,991.310791015625,1001.555086110886,987.6805025187698,992.6037496908285,1512582,LICI.NS
2024-04-09,973.955078125,1009.4123385930689,969.0318312260275,991.9074674750701,3349559,LICI.NS
2024-04-10,971.6675415039062,984.4480359303981,968.7334803208402,977.4858856611519,2414938,LICI.NS
2024-04-12,965.7000122070312,976.6405343767888,962.7659509386604,970.7226943348476,1850855,LICI.NS
2024-04-15,956.3507690429688,968.7334625065896,927.0102791621224,950.8805082177262,2950660,LICI.NS
2024-04-16,970.6232299804688,978.9777738708092,939.2935538051432,949.7864967006146,2226633,LICI.NS
2024-04-18,955.853515625,980.66862117195,952.8200193536796,974.7507811445406,1943056,LICI.NS
2024-04-19,968.0372924804688,971.7172984847441,943.5206130308284,947.697854797975,2273800,LICI.NS
2024-04-22,969.3302001953125,978.4804668665993,966.744282979683,973.3085717302083,1310535,LICI.NS
2024-04-23,980.76806640625,1003.2459031026864,971.7172950030149,974.1540598285428,4958541,LICI.NS
2024-04-24,985.3929443359375,1004.5388582178116,983.1053927404288,986.5864679916787,2492259,LICI.NS
2024-04-25,979.1766967773438,989.8188528041169,974.1540148414524,989.6199220857867,1754417,LICI.NS
2024-04-26,982.70751953125,1000.0631780744642,976.6902445242405,983.652394943456,3359199,LICI.NS
2024-04-29,974.8999633789062,988.6253331263543,972.313985440607,988.6253331263543,2000595,LICI.NS
2024-04-30,972.9605102539062,985.6415698048771,970.2750972667916,979.8232255870732,1883464,LICI.NS
2024-05-02,993.7474975585938,1004.3398752779309,975.3972468328182,977.5853633037333,4961650,LICI.NS
2024-05-03,973.8556518554688,998.5712608729096,965.3021165842748,998.37233015402,2207262,LICI.NS
2024-05-06,928.9497680664062,979.5745709293802,924.6233132359446,977.4858894175002,3714064,LICI.NS
2024-05-07,916.6665649414062,940.8848776257236,907.3173674567297,932.9281344745547,2154627,LICI.NS
2024-05-08,924.8222045898438,931.8838507617984,915.6222200578601,918.0092673536177,1315309,LICI.NS
2024-05-09,897.2720336914062,929.1487248719662,893.8406759510196,926.9108907854275,1510223,LICI.NS
2024-05-10,906.0244140625,929.8449261497577,897.2720086867486,915.0254676631599,2853402,LICI.NS
2024-05-13,886.8784790039062,907.7152118814777,883.7952046675438,905.9746743497853,2065788,LICI.NS
2024-05-14,925.9660034179688,931.2870512285963,891.1552514097745,891.801761086266,1922026,LICI.NS
2024-05-15,984.64697265625,993.946392004839,927.5075983141106,928.9497701625631,7637335,LICI.NS
2024-05-16,968.2362060546875,995.5377938055768,961.9702828098442,994.5929183920775,2292001,LICI.NS
2024-05-17,965.1529541015625,973.7064285792458,959.9810589895329,969.4296913404041,1524382,LICI.NS
2024-05-21,1018.164794921875,1028.2102199413089,969.7281070736806,971.7670104398342,6323927,LICI.NS
2024-05-22,1049.7430419921875,1060.9819904788737,1025.4252938211566,1025.4252938211566,7658810,LICI.NS
2024-05-23,1025.6241455078125,1053.273876573082,1022.9387932534605,1050.2900978859059,2389235,LICI.NS
2024-05-24,1024.1820068359375,1046.6101245956243,1007.8706595025528,1027.4144336601346,3747892,LICI.NS
2024-05-27,1030.447998046875,1048.3008916122187,1018.5128835313658,1029.4036269626627,3168271,LICI.NS
2024-05-28,1010.5064086914062,1056.7052013514285,1006.1799537630195,1048.9971062063908,6525071,LICI.NS
2024-05-29,992.902099609375,1018.8610112369887,987.630769275918,1004.5388489110546,2716582,LICI.NS
2024-05-30,987.9291381835938,1002.5496662913698,983.6524007561159,991.1118476779266,1863884,LICI.NS
2024-05-31,1007.2242431640625,1012.4955733992797,987.3821026445332,992.5539978716859,3432527,LICI.NS
2024-06-03,1061.877197265625,1072.9669330437382,1026.668582224784,1052.6274341801395,8680378,LICI.NS
2024-06-04,922.8330078125,1046.3117419447867,875.2914788271381,1046.3117419447867,11529105,LICI.NS
2024-06-05,936.309814453125,942.874103550218,896.1282355472008,940.8849176777492,3835996,LICI.NS
2024-06-06,975.4967041015625,988.4761293045059,949.239487966726,949.6372887036146,3548002,LICI.NS
2024-06-07,988.8242797851562,992.3550724622111,971.1702556947486,977.6848270913089,2201013,LICI.NS
2024-06-10,992.0069580078125,1002.4999007001597,986.6361321996729,995.5874680764846,2211500,LICI.NS
2024-06-11,1001.2567138671875,1015.4296631068793,986.7356206792293,993.5983361720814,2965921,LICI.NS
2024-06-12,993.05126953125,1011.3020245301935,990.6642223459609,1004.5388051120497,2320470,LICI.NS
2024-06-13,996.8804321289062,1007.9701670301446,990.1172126815503,998.5712521670282,1570380,LICI.NS
2024-06-14,1061.0814208984375,1065.9051722260062,997.0296739690092,1000.3615359327772,12499063,LICI.NS
2024-06-18,1050.787353515625,1079.133249942691,1045.7149542265179,1061.0813653044547,4276266,LICI.NS
2024-06-19,1025.922607421875,1058.0976644293,1017.9161464754118,1055.2630988605035,3184916,LICI.NS
2024-06-20,1021.8447875976562,1035.3712269919624,1019.4577403138919,1027.8620019016407,1930583,LICI.NS
2024-06-21,1018.4133911132812,1040.145281953611,1009.561490203607,1025.8231202066424,2488419,LICI.NS
2024-06-24,1009.9593505859375,1022.7399054973883,999.5658428648734,1013.2414949438704,1521674,LICI.NS
2024-06-25,1002.2015380859375,1017.7171627051309,1000.3117873351433,1017.4685144855597,1268764,LICI.NS
2024-06-26,995.9853515625,1018.2641960372453,993.7972350475799,1002.5496404021275,1850138,LICI.NS
2024-06-27,986.3875122070312,1011.8988444680211,982.7075063224543,998.123696329219,2516238,LICI.NS
2024-06-28,983.4037475585938,1008.5172187351849,979.8729548411296,992.6037320490282,2730672,LICI.NS
2024-07-01,990.962646484375,1000.6599276004213,984.7464406407556,989.6199703042073,1804287,LICI.NS
2024-07-02,980.12158203125,994.294530806871,976.8891551175119,992.6037107417353,1535205,LICI.NS
2024-07-03,982.8567504882812,988.0286458912044,980.1216199170863,980.1216199170863,1128509,LICI.NS
2024-07-04,1004.73779296875,1018.9604597683648,985.6415965158121,985.6415965158121,3904568,LICI.NS
2024-07-05,1010.1583251953125,1018.6620218295908,998.3723626502193,1004.7377816310816,2331848,LICI.NS
2024-07-08,1007.8706665039062,1020.8501520984124,993.697718022434,1011.5009547829675,2355243,LICI.NS
2024-07-09,1026.7679443359375,1036.3657899936513,1002.7485624976478,1009.0144855552393,6941750,LICI.NS
2024-07-10,1043.8251953125,1056.2576059284183,1010.506334861839,1027.3646350929203,7415472,LICI.NS
2024-07-11,1051.6328125,1057.1528518374,1033.5809264998827,1047.2565793165973,3411317,LICI.NS
2024-07-12,1045.8642578125,1060.186299063986,1039.9463569552793,1059.2414843322115,2662257,LICI.NS
2024-07-15,1054.56689453125,1061.230618359844,1032.984155875898,1049.2955036266499,2971983,LICI.NS
2024-07-16,1102.4564208984375,1111.7559613840158,1052.4781290580363,1059.2414091547728,14185936,LICI.NS
2024-07-18,1103.6500244140625,1123.8899654388058,1082.4154904995505,1103.0035147536598,7475945,LICI.NS
2024-07-19,1108.25,1118.699951171875,1063.3499755859375,1106.0,5579511,LICI.NS
2024-07-22,1123.699951171875,1146.4000244140625,1090.0,1100.0,6769614,LICI.NS
2024-07-23,1086.6500244140625,1143.699951171875,1044.5,1130.449951171875,6560323,LICI.NS
2024-07-24,1160.550048828125,1170.0,1088.1500244140625,1090.0,7850480,LICI.NS
2024-07-25,1160.9000244140625,1173.0,1130.0,1140.0,5527885,LICI.NS
2024-07-26,1184.3499755859375,1197.0,1151.050048828125,1165.0,7729718,LICI.NS
2024-07-29,1173.5999755859375,1197.0,1165.300048828125,1194.6500244140625,3020820,LICI.NS
2024-07-30,1188.0999755859375,1192.449951171875,1163.800048828125,1173.5999755859375,3011688,LICI.NS
2024-07-31,1176.0999755859375,1193.5,1168.8499755859375,1188.0999755859375,3126309,LICI.NS
2024-08-01,1179.1500244140625,1222.0,1176.050048828125,1183.1500244140625,6938545,LICI.NS
2024-08-02,1179.550048828125,1191.0,1160.0,1172.050048828125,3057586,LICI.NS
2024-08-05,1107.6500244140625,1154.0,1087.0,1154.0,5878903,LICI.NS
2024-08-06,1079.550048828125,1136.9000244140625,1076.199951171875,1120.0,3343418,LICI.NS
2024-08-07,1123.550048828125,1127.800048828125,1084.75,1115.0,2488460,LICI.NS
2024-08-08,1125.5999755859375,1148.4000244140625,1118.9000244140625,1126.0,2615890,LICI.NS
2024-08-09,1133.449951171875,1160.0,1128.949951171875,1155.0,3598457,LICI.NS
2024-08-12,1074.3499755859375,1130.300048828125,1071.0999755859375,1125.0,5939943,LICI.NS
2024-08-13,1028.5999755859375,1089.9000244140625,1020.0999755859375,1086.0,3776212,LICI.NS
2024-08-14,1027.300048828125,1044.0,1003.75,1042.5,3380840,LICI.NS
2024-08-16,1057.300048828125,1065.0,1037.300048828125,1040.0,2611128,LICI.NS
2024-08-19,1072.3499755859375,1075.0,1056.6500244140625,1059.6500244140625,1779464,LICI.NS
2024-08-20,1067.949951171875,1082.0,1065.550048828125,1074.949951171875,1145286,LICI.NS
2024-08-21,1084.1500244140625,1086.75,1065.0,1069.9000244140625,1381891,LICI.NS
2024-08-22,1075.5,1092.0,1072.5,1092.0,1019258,LICI.NS
2024-08-23,1061.3499755859375,1080.300048828125,1059.0,1080.300048828125,922493,LICI.NS
2024-08-26,1052.050048828125,1073.75,1049.699951171875,1065.0,1156208,LICI.NS
2024-08-27,1079.1500244140625,1090.0,1045.0,1061.9000244140625,3116822,LICI.NS
2024-08-28,1084.5,1095.0,1073.0,1080.449951171875,1481538,LICI.NS
2024-08-29,1068.8499755859375,1088.0,1061.0,1088.0,1520168,LICI.NS
2024-08-30,1064.25,1078.5,1061.0,1070.0,933547,LICI.NS
2024-09-02,1058.5999755859375,1070.25,1055.75,1065.5,857165,LICI.NS
2024-09-03,1062.300048828125,1068.800048828125,1054.449951171875,1064.0,857613,LICI.NS
2024-09-04,1064.75,1069.9000244140625,1050.5999755859375,1055.0999755859375,978470,LICI.NS
2024-09-05,1069.300048828125,1079.949951171875,1058.300048828125,1064.0,1019982,LICI.NS
2024-09-06,1038.9000244140625,1072.0,1035.0,1065.0,1370284,LICI.NS
2024-09-09,1029.300048828125,1044.9000244140625,1020.0,1038.9000244140625,1433956,LICI.NS
2024-09-10,1032.1500244140625,1045.0,1030.0,1034.0,749982,LICI.NS
2024-09-11,1013.7000122070312,1036.8499755859375,1004.8499755859375,1033.0,973759,LICI.NS
2024-09-12,1031.5999755859375,1034.9000244140625,1018.9500122070312,1019.9000244140625,836623,LICI.NS
2024-09-13,1034.1500244140625,1046.0,1028.699951171875,1035.0,870819,LICI.NS
2024-09-16,1028.1500244140625,1041.6500244140625,1026.050048828125,1039.0,927727,LICI.NS
2024-09-17,1021.2000122070312,1029.949951171875,1020.0,1029.949951171875,502810,LICI.NS
2024-09-18,1018.5999755859375,1034.449951171875,1016.0,1021.0,708747,LICI.NS
2024-09-19,1000.5499877929688,1029.550048828125,991.0,1023.0,1381614,LICI.NS
2024-09-20,1010.3499755859375,1024.449951171875,1002.5,1008.0,1547836,LICI.NS
2024-09-23,1032.8499755859375,1037.449951171875,1012.1500244140625,1012.9500122070312,1343379,LICI.NS
2024-09-24,1028.199951171875,1043.449951171875,1025.25,1032.8499755859375,922727,LICI.NS
2024-09-25,1019.0,1032.449951171875,1013.0999755859375,1026.949951171875,979782,LICI.NS
2024-09-26,1028.050048828125,1048.9000244140625,1010.5,1024.0,2653652,LICI.NS
2024-09-27,1024.25,1033.199951171875,1020.4000244140625,1033.199951171875,1196872,LICI.NS
2024-09-30,1006.9500122070312,1022.0,1003.0999755859375,1022.0,1434359,LICI.NS
2024-10-01,1000.0499877929688,1012.4000244140625,999.0,1008.3499755859375,1146284,LICI.NS
2024-10-03,967.3499755859375,994.8499755859375,964.25,990.0,1963460,LICI.NS
2024-10-04,971.1500244140625,982.7999877929688,955.7000122070312,973.0,1345161,LICI.NS
2024-10-07,931.0,977.0,924.1500244140625,971.0,3406517,LICI.NS
2024-10-08,964.4000244140625,967.4500122070312,923.0999755859375,931.0,3021144,LICI.NS
2024-10-09,970.9500122070312,977.25,964.0,971.0,857896,LICI.NS
2024-10-10,965.1500244140625,979.2000122070312,962.0499877929688,974.0,600669,LICI.NS
2024-10-11,948.8499755859375,971.9000244140625,947.25,967.4500122070312,957899,LICI.NS
2024-10-14,959.5,965.9500122070312,954.75,958.2999877929688,655775,LICI.NS
2024-10-15,947.8499755859375,965.0,943.2999877929688,963.0,1201370,LICI.NS
2024-10-16,942.9500122070312,955.0,941.25,947.8499755859375,976566,LICI.NS
2024-10-17,933.0999755859375,949.9000244140625,931.0,942.9500122070312,731896,LICI.NS
2024-10-18,934.9000244140625,941.9500122070312,925.2999877929688,930.0,707640,LICI.NS
2024-10-21,926.2999877929688,952.9000244140625,922.0999755859375,945.0,767516,LICI.NS
2024-10-22,915.5,933.2999877929688,909.25,926.0,1397403,LICI.NS
2024-10-23,909.4500122070312,924.9000244140625,895.1500244140625,919.8499755859375,1053255,LICI.NS
2024-10-24,912.4000244140625,924.0,906.0,906.0,911588,LICI.NS
2024-10-25,903.6500244140625,918.0,888.2999877929688,910.0999755859375,1268810,LICI.NS
2024-10-28,915.4000244140625,923.6500244140625,896.6500244140625,909.3499755859375,1060660,LICI.NS
2024-10-29,934.4000244140625,937.1500244140625,915.7999877929688,920.0999755859375,1053721,LICI.NS
2024-10-30,934.9500122070312,947.4500122070312,930.0499877929688,937.8499755859375,683462,LICI.NS
2024-10-31,923.0499877929688,939.5,920.0,933.0,634496,LICI.NS
2024-11-01,930.3499755859375,932.0,925.2999877929688,926.9000244140625,153297,LICI.NS
2024-11-04,923.75,936.4000244140625,911.25,934.0,614860,LICI.NS
2024-11-05,928.6500244140625,930.3499755859375,915.7999877929688,925.0,834576,LICI.NS
2024-11-06,945.25,947.7999877929688,924.1500244140625,930.0,1026191,LICI.NS
2024-11-07,929.7000122070312,954.0,927.1500244140625,945.0,816992,LICI.NS
2024-11-08,914.6500244140625,934.8499755859375,911.9000244140625,931.0,717691,LICI.NS
2024-11-11,918.4500122070312,933.7000122070312,909.0,920.0,1238920,LICI.NS
2024-11-12,921.1500244140625,958.0,918.0,930.5,2255309,LICI.NS
2024-11-13,897.9000244140625,924.9000244140625,890.0499877929688,922.0,1326985,LICI.NS
2024-11-14,908.6500244140625,924.5,895.5999755859375,905.0,1221663,LICI.NS
2024-11-18,901.75,916.9500122070312,900.0,908.6500244140625,667386,LICI.NS
2024-11-19,896.6500244140625,916.6500244140625,894.0,910.0,778486,LICI.NS
2024-11-21,881.9500122070312,898.9500122070312,872.0,894.0,1648142,LICI.NS
2024-11-22,889.5,895.0,879.0,884.0,947168,LICI.NS
2024-11-25,905.0499877929688,911.75,902.5999755859375,905.9500122070312,1116286,LICI.NS
2024-11-26,907.2000122070312,919.7999877929688,900.0,905.0499877929688,873562,LICI.NS
2024-11-27,916.2999877929688,917.5,906.0,910.0,779480,LICI.NS
2024-11-28,938.5999755859375,952.5,917.25,920.0,2788917,LICI.NS
2024-11-29,985.5,992.1500244140625,945.0,947.0,7397971,LICI.NS
2024-12-02,983.7999877929688,999.9500122070312,974.3499755859375,985.0,1979567,LICI.NS
2024-12-03,969.75,995.0,966.2000122070312,990.0,1659133,LICI.NS
2024-12-04,971.3499755859375,982.0,967.5999755859375,970.0,1044244,LICI.NS
2024-12-05,976.9000244140625,981.0,966.25,978.0,1211446,LICI.NS
2024-12-06,983.25,992.9500122070312,975.2000122070312,977.9000244140625,1330397,LICI.NS
2024-12-09,986.3499755859375,1007.7999877929688,981.8499755859375,987.6500244140625,2050254,LICI.NS
2024-12-10,948.2000122070312,979.0,945.5,979.0,3666785,LICI.NS
2024-12-11,938.7999877929688,952.0,937.1500244140625,948.2000122070312,1218352,LICI.NS
2024-12-12,928.5,944.0,926.5499877929688,939.0,1226052,LICI.NS
2024-12-13,931.9000244140625,934.0,913.5499877929688,928.9000244140625,1275193,LICI.NS
2024-12-16,923.9000244140625,936.5,923.0,935.0,709525,LICI.NS
2024-12-17,920.0499877929688,934.7999877929688,918.0,931.4000244140625,1020033,LICI.NS
2024-12-18,906.4500122070312,924.5,905.0,920.0,1200629,LICI.NS
2024-12-19,905.0499877929688,908.0,890.5499877929688,895.0,1432458,LICI.NS
2024-12-20,901.7000122070312,914.9000244140625,895.3499755859375,905.7000122070312,1401586,LICI.NS
2024-12-23,904.7999877929688,906.9000244140625,892.5999755859375,902.5,1947520,LICI.NS
2024-12-24,890.6500244140625,904.7999877929688,890.0,904.7000122070312,980630,LICI.NS
2024-12-26,891.9000244140625,895.0,885.1500244140625,890.6500244140625,766954,LICI.NS
2024-12-27,887.0,899.9000244140625,885.5,893.0,592236,LICI.NS
2024-12-30,905.4000244140625,928.9000244140625,878.4500122070312,891.75,3192145,LICI.NS
2024-12-31,892.0,903.0,883.0999755859375,903.0,1282443,LICI.NS
2025-01-01,896.4000244140625,898.2999877929688,890.0,896.0,524731,LICI.NS
2025-01-02,902.3499755859375,904.5,896.0499877929688,898.0,601073,LICI.NS
2025-01-03,908.4000244140625,917.9000244140625,902.3499755859375,904.0,889032,LICI.NS
2025-01-06,875.8499755859375,909.9000244140625,872.0999755859375,908.4000244140625,1060694,LICI.NS
2025-01-07,876.4000244140625,885.0,861.1500244140625,877.9000244140625,1323119,LICI.NS
2025-01-08,868.9000244140625,878.8499755859375,867.5,877.0,762531,LICI.NS
2025-01-09,843.0999755859375,873.9000244140625,839.7000122070312,872.0,1486683,LICI.NS
2025-01-10,839.5,852.0,835.8499755859375,845.0,1098164,LICI.NS
2025-01-13,808.9500122070312,836.8499755859375,807.5,830.0,1715367,LICI.NS
2025-01-14,825.4000244140625,827.75,806.8499755859375,815.0,879737,LICI.NS
2025-01-15,836.0499877929688,838.0,818.5,833.0,984158,LICI.NS
2025-01-16,844.3499755859375,856.0,837.2000122070312,837.2000122070312,1503953,LICI.NS
