DATE,CPILFESL,cpi_core_yoy,cpi_core_mom
1957-01-01,28.5,,
1957-02-01,28.6,,0.0035087719298245723
1957-03-01,28.7,,0.0034965034965033226
1957-04-01,28.8,,0.0034843205574912606
1957-05-01,28.8,,0.0
1957-06-01,28.9,,0.003472222222222099
1957-07-01,29.0,,0.0034602076124568004
1957-08-01,29.0,,0.0
1957-09-01,29.1,,0.0034482758620690834
1957-10-01,29.2,,0.0034364261168384758
1957-11-01,29.3,,0.0034246575342467
1957-12-01,29.3,,0.0
1958-01-01,29.3,0.02807017543859658,0.0
1958-02-01,29.4,0.027972027972027913,0.0034129692832762792
1958-03-01,29.5,0.027874564459930307,0.003401360544217802
1958-04-01,29.5,0.02430555555555558,0.0
1958-05-01,29.5,0.02430555555555558,0.0
1958-06-01,29.6,0.02422145328719738,0.003389830508474523
1958-07-01,29.6,0.020689655172413834,0.0
1958-08-01,29.6,0.020689655172413834,0.0
1958-09-01,29.7,0.020618556701030855,0.0033783783783782884
1958-10-01,29.7,0.017123287671232834,0.0
1958-11-01,29.8,0.017064846416382284,0.0033670033670034627
1958-12-01,29.9,0.020477815699658564,0.003355704697986406
1959-01-01,29.9,0.020477815699658564,0.0
1959-02-01,29.9,0.017006802721088343,0.0
1959-03-01,30.0,0.016949152542372836,0.0033444816053511683
1959-04-01,30.0,0.016949152542372836,0.0
1959-05-01,30.1,0.02033898305084758,0.0033333333333334103
1959-06-01,30.2,0.020270270270270174,0.0033222591362125353
1959-07-01,30.2,0.020270270270270174,0.0
1959-08-01,30.2,0.020270270270270174,0.0
1959-09-01,30.3,0.020202020202020332,0.0033112582781458233
1959-10-01,30.4,0.023569023569023573,0.0033003300330032292
1959-11-01,30.4,0.020134228187919323,0.0
1959-12-01,30.5,0.02006688963210701,0.00328947368421062
1960-01-01,30.5,0.02006688963210701,0.0
1960-02-01,30.6,0.0234113712374584,0.003278688524590123
1960-03-01,30.6,0.020000000000000018,0.0
1960-04-01,30.6,0.020000000000000018,0.0
1960-05-01,30.6,0.01661129568106312,0.0
1960-06-01,30.7,0.01655629139072845,0.0032679738562091387
1960-07-01,30.6,0.013245033112582849,-0.0032573289902279035
1960-08-01,30.6,0.013245033112582849,0.0
1960-09-01,30.6,0.00990099009900991,0.0
1960-10-01,30.8,0.013157894736842257,0.006535947712418277
1960-11-01,30.8,0.013157894736842257,0.0
1960-12-01,30.7,0.006557377049180246,-0.0032467532467532756
1961-01-01,30.8,0.009836065573770592,0.0032573289902280145
1961-02-01,30.8,0.006535947712418277,0.0
1961-03-01,30.9,0.009803921568627416,0.0032467532467532756
1961-04-01,30.9,0.009803921568627416,0.0
1961-05-01,30.9,0.009803921568627416,0.0
1961-06-01,31.0,0.009771986970684043,0.003236245954692629
1961-07-01,31.0,0.013071895424836555,0.0
1961-08-01,31.1,0.016339869281045694,0.003225806451612856
1961-09-01,31.1,0.016339869281045694,0.0
1961-10-01,31.1,0.009740259740259827,0.0
1961-11-01,31.2,0.01298701298701288,0.003215434083601254
1961-12-01,31.2,0.016286644951140072,0.0
1962-01-01,31.2,0.01298701298701288,0.0
1962-02-01,31.2,0.01298701298701288,0.0
1962-03-01,31.3,0.012944983818770295,0.0032051282051281937
1962-04-01,31.3,0.012944983818770295,0.0
1962-05-01,31.4,0.016181229773462702,0.0031948881789136685
1962-06-01,31.4,0.012903225806451646,0.0
1962-07-01,31.4,0.012903225806451646,0.0
1962-08-01,31.5,0.012861736334405016,0.0031847133757962887
1962-09-01,31.5,0.012861736334405016,0.0
1962-10-01,31.5,0.012861736334405016,0.0
1962-11-01,31.5,0.009615384615384581,0.0
1962-12-01,31.6,0.012820512820512997,0.0031746031746031633
1963-01-01,31.5,0.009615384615384581,-0.0031645569620253333
1963-02-01,31.6,0.012820512820512997,0.0031746031746031633
1963-03-01,31.7,0.012779552715654896,0.0031645569620253333
1963-04-01,31.7,0.012779552715654896,0.0
1963-05-01,31.7,0.009554140127388644,0.0
1963-06-01,31.8,0.01273885350318471,0.003154574132492094
1963-07-01,31.8,0.01273885350318471,0.0
1963-08-01,31.9,0.012698412698412653,0.0031446540880502027
1963-09-01,31.9,0.012698412698412653,0.0
1963-10-01,32.0,0.015873015873015817,0.0031347962382446415
1963-11-01,32.0,0.015873015873015817,0.0
1963-12-01,32.1,0.015822784810126667,0.0031250000000000444
1964-01-01,32.2,0.022222222222222365,0.0031152647975078995
1964-02-01,32.2,0.018987341772152,0.0
1964-03-01,32.2,0.015772870662460692,0.0
1964-04-01,32.2,0.015772870662460692,0.0
1964-05-01,32.2,0.015772870662460692,0.0
1964-06-01,32.3,0.015723270440251458,0.0031055900621115295
1964-07-01,32.3,0.015723270440251458,0.0
1964-08-01,32.3,0.012539184952978122,0.0
1964-09-01,32.3,0.012539184952978122,0.0
1964-10-01,32.4,0.012499999999999956,0.003095975232198178
1964-11-01,32.5,0.015625,0.0030864197530864335
1964-12-01,32.5,0.012461059190031154,0.0
1965-01-01,32.6,0.012422360248447228,0.0030769230769231992
1965-02-01,32.6,0.012422360248447228,0.0
1965-03-01,32.6,0.012422360248447228,0.0
1965-04-01,32.7,0.01552795031055898,0.0030674846625766694
1965-05-01,32.7,0.01552795031055898,0.0
1965-06-01,32.7,0.012383900928792713,0.0
1965-07-01,32.7,0.012383900928792713,0.0
1965-08-01,32.7,0.012383900928792713,0.0
1965-09-01,32.8,0.015479876160990669,0.003058103975535076
1965-10-01,32.8,0.012345679012345734,0.0
1965-11-01,32.9,0.012307692307692353,0.0030487804878049918
1965-12-01,33.0,0.01538461538461533,0.003039513677811634
1966-01-01,33.0,0.012269938650306678,0.0
1966-02-01,33.1,0.015337423312883347,0.003030303030303161
1966-03-01,33.1,0.015337423312883347,0.0
1966-04-01,33.3,0.0183486238532109,0.0060422960725075026
1966-05-01,33.4,0.021406727828745975,0.0030030030030030463
1966-06-01,33.5,0.024464831804281273,0.0029940119760478723
1966-07-01,33.6,0.02752293577981657,0.0029850746268658135
1966-08-01,33.7,0.030581039755351647,0.0029761904761904656
1966-09-01,33.8,0.030487804878048808,0.0029673590504448732
1966-10-01,34.0,0.03658536585365857,0.00591715976331364
1966-11-01,34.0,0.033434650455927084,0.0
1966-12-01,34.1,0.03333333333333344,0.002941176470588225
1967-01-01,34.2,0.036363636363636376,0.0029325513196480912
1967-02-01,34.2,0.0332326283987916,0.0
1967-03-01,34.3,0.03625377643504524,0.0029239766081869956
1967-04-01,34.4,0.033033033033033066,0.00291545189504383
1967-05-01,34.5,0.03293413173652704,0.0029069767441860517
1967-06-01,34.6,0.032835820895522394,0.0028985507246377384
1967-07-01,34.7,0.032738095238095344,0.0028901734104047616
1967-08-01,34.9,0.035608308605341144,0.0057636887608067955
1967-09-01,35.0,0.03550295857988184,0.002865329512893977
1967-10-01,35.1,0.032352941176470695,0.0028571428571428914
1967-11-01,35.2,0.03529411764705892,0.002849002849002913
1967-12-01,35.4,0.038123167155425186,0.005681818181818121
1968-01-01,35.5,0.03801169590643272,0.0028248587570622874
1968-02-01,35.7,0.04385964912280693,0.005633802816901401
1968-03-01,35.8,0.0437317784256559,0.0028011204481790397
1968-04-01,35.9,0.043604651162790775,0.0027932960893854997
1968-05-01,36.0,0.04347826086956519,0.0027855153203342198
1968-06-01,36.2,0.046242774566473965,0.005555555555555536
1968-07-01,36.4,0.04899135446685876,0.0055248618784529135
1968-08-01,36.5,0.045845272206303855,0.0027472527472527375
1968-09-01,36.7,0.04857142857142871,0.005479452054794498
1968-10-01,36.9,0.0512820512820511,0.005449591280653809
1968-11-01,37.1,0.05397727272727271,0.005420054200542035
1968-12-01,37.2,0.05084745762711873,0.0026954177897573484
1969-01-01,37.3,0.05070422535211261,0.0026881720430105283
1969-02-01,37.6,0.053221288515406195,0.008042895442359255
1969-03-01,37.8,0.05586592178770955,0.005319148936170137
1969-04-01,38.1,0.061281337047353945,0.00793650793650813
1969-05-01,38.1,0.05833333333333335,0.0
1969-06-01,38.3,0.0580110497237567,0.005249343832020914
1969-07-01,38.5,0.05769230769230771,0.005221932114882533
1969-08-01,38.7,0.0602739726027397,0.0051948051948051965
1969-09-01,38.9,0.059945504087193235,0.0051679586563306845
1969-10-01,39.1,0.05962059620596216,0.005141388174807249
1969-11-01,39.2,0.05660377358490565,0.002557544757033181
1969-12-01,39.4,0.05913978494623651,0.005102040816326481
1970-01-01,39.6,0.06166219839142095,0.005076142131979822
1970-02-01,39.8,0.058510638297872175,0.005050505050504972
1970-03-01,40.1,0.060846560846560926,0.007537688442211143
1970-04-01,40.4,0.06036745406824129,0.007481296758104605
1970-05-01,40.5,0.06299212598425186,0.0024752475247524774
1970-06-01,40.8,0.06527415143603132,0.007407407407407307
1970-07-01,40.9,0.06233766233766236,0.002450980392156854
1970-08-01,41.1,0.06201550387596888,0.004889975550122383
1970-09-01,41.3,0.06169665809768632,0.0048661800486617945
1970-10-01,41.5,0.0613810741687979,0.004842615012106588
1970-11-01,41.8,0.0663265306122447,0.0072289156626506035
1970-12-01,42.0,0.06598984771573613,0.004784688995215447
1971-01-01,42.1,0.06313131313131315,0.0023809523809523725
1971-02-01,42.2,0.06030150753768848,0.002375296912114022
1971-03-01,42.2,0.052369077306733125,0.0
1971-04-01,42.4,0.04950495049504955,0.004739336492890933
1971-05-01,42.6,0.051851851851851816,0.004716981132075526
1971-06-01,42.8,0.0490196078431373,0.004694835680751019
1971-07-01,42.9,0.0488997555012225,0.00233644859813098
1971-08-01,43.0,0.04622871046228716,0.002331002331002363
1971-09-01,43.0,0.041162227602905554,0.0
1971-10-01,43.1,0.03855421686746996,0.0023255813953488857
1971-11-01,43.2,0.03349282296650724,0.002320185614849146
1971-12-01,43.3,0.030952380952380842,0.0023148148148146586
1972-01-01,43.5,0.03325415676959609,0.004618937644341958
1972-02-01,43.6,0.033175355450236976,0.0022988505747125743
1972-03-01,43.6,0.033175355450236976,0.0
1972-04-01,43.8,0.03301886792452824,0.004587155963302614
1972-05-01,43.9,0.030516431924882514,0.0022831050228311334
1972-06-01,44.0,0.028037383177570208,0.002277904328018332
1972-07-01,44.1,0.027972027972028135,0.002272727272727204
1972-08-01,44.3,0.03023255813953485,0.0045351473922901064
1972-09-01,44.3,0.03023255813953485,0.0
1972-10-01,44.4,0.030162412993039345,0.0022573363431150906
1972-11-01,44.4,0.02777777777777768,0.0
1972-12-01,44.6,0.03002309468822184,0.0045045045045044585
1973-01-01,44.6,0.025287356321839205,0.0
1973-02-01,44.8,0.02752293577981635,0.004484304932735439
1973-03-01,45.0,0.032110091743119185,0.0044642857142858094
1973-04-01,45.1,0.029680365296803846,0.0022222222222223476
1973-05-01,45.3,0.03189066059225509,0.0044345898004434225
1973-06-01,45.4,0.031818181818181746,0.002207505518763808
1973-07-01,45.5,0.03174603174603163,0.0022026431718062955
1973-08-01,45.7,0.031602708803611934,0.00439560439560438
1973-09-01,46.0,0.038374717832957206,0.006564551422319376
1973-10-01,46.3,0.04279279279279269,0.006521739130434634
1973-11-01,46.5,0.04729729729729737,0.004319654427645814
1973-12-01,46.7,0.047085201793722,0.004301075268817289
1974-01-01,46.9,0.05156950672645744,0.004282655246252487
1974-02-01,47.2,0.0535714285714286,0.006396588486140775
1974-03-01,47.6,0.057777777777777706,0.008474576271186418
1974-04-01,47.9,0.06208425720620836,0.006302521008403339
1974-05-01,48.5,0.07064017660044164,0.012526096033403045
1974-06-01,49.0,0.07929515418502198,0.010309278350515427
1974-07-01,49.5,0.08791208791208782,0.010204081632652962
1974-08-01,50.2,0.09846827133479219,0.014141414141414232
1974-09-01,50.7,0.10217391304347823,0.009960159362549792
1974-10-01,51.2,0.10583153347732188,0.009861932938856066
1974-11-01,51.6,0.10967741935483866,0.0078125
1974-12-01,52.0,0.1134903640256959,0.007751937984496138
1975-01-01,52.3,0.11513859275053306,0.005769230769230749
1975-02-01,52.8,0.11864406779661008,0.009560229445506607
1975-03-01,53.0,0.11344537815126055,0.0037878787878788955
1975-04-01,53.3,0.11273486430062629,0.005660377358490454
1975-05-01,53.5,0.10309278350515472,0.0037523452157599557
1975-06-01,53.8,0.09795918367346923,0.005607476635513864
1975-07-01,54.0,0.09090909090909083,0.003717472118959231
1975-08-01,54.2,0.07968127490039834,0.0037037037037037646
1975-09-01,54.5,0.07495069033530566,0.005535055350553542
1975-10-01,54.8,0.07031249999999978,0.005504587155963359
1975-11-01,55.2,0.06976744186046524,0.007299270072992803
1975-12-01,55.5,0.06730769230769229,0.005434782608695565
1976-01-01,55.9,0.06883365200764824,0.007207207207207134
1976-02-01,56.2,0.06439393939393945,0.005366726296959001
1976-03-01,56.5,0.0660377358490567,0.005338078291814874
1976-04-01,56.7,0.06378986866791747,0.0035398230088496963
1976-05-01,57.0,0.06542056074766345,0.005291005291005346
1976-06-01,57.2,0.06319702602230493,0.0035087719298245723
1976-07-01,57.6,0.06666666666666665,0.006993006993006867
1976-08-01,57.9,0.06826568265682642,0.005208333333333259
1976-09-01,58.2,0.06788990825688068,0.005181347150259086
1976-10-01,58.5,0.0675182481751826,0.005154639175257714
1976-11-01,58.7,0.06340579710144922,0.0034188034188034067
1976-12-01,58.9,0.0612612612612613,0.0034071550255536653
1977-01-01,59.3,0.06082289803220031,0.00679117147707986
1977-02-01,59.7,0.06227758007117434,0.006745362563237878
1977-03-01,60.0,0.06194690265486735,0.005025125628140614
1977-04-01,60.3,0.06349206349206349,0.004999999999999893
1977-05-01,60.6,0.06315789473684208,0.004975124378109541
1977-06-01,61.0,0.06643356643356646,0.0066006600660066805
1977-07-01,61.2,0.0625,0.003278688524590123
1977-08-01,61.5,0.06217616580310881,0.004901960784313708
1977-09-01,61.8,0.061855670103092786,0.004878048780487809
1977-10-01,62.0,0.05982905982905984,0.003236245954692629
1977-11-01,62.3,0.061328790459965754,0.004838709677419395
1977-12-01,62.7,0.06451612903225823,0.006420545746388617
1978-01-01,63.1,0.06408094435075884,0.006379585326953707
1978-02-01,63.4,0.061976549413735205,0.004754358161648042
1978-03-01,63.8,0.06333333333333324,0.006309148264984188
1978-04-01,64.3,0.06633499170812596,0.00783699059561127
1978-05-01,64.7,0.06765676567656764,0.0062208398133749565
1978-06-01,65.2,0.06885245901639347,0.007727975270479082
1978-07-01,65.6,0.07189542483660127,0.006134969325153339
1978-08-01,66.1,0.0747967479674796,0.007621951219512146
1978-09-01,66.7,0.07928802588996775,0.00907715582450841
1978-10-01,67.2,0.08387096774193559,0.007496251874062887
1978-11-01,67.6,0.08507223113964679,0.005952380952380931
1978-12-01,68.0,0.08452950558213712,0.00591715976331364
1979-01-01,68.5,0.0855784469096672,0.007352941176470562
1979-02-01,69.2,0.09148264984227139,0.010218978102189746
1979-03-01,69.8,0.09404388714733547,0.00867052023121384
1979-04-01,70.3,0.09331259720062213,0.007163323782235054
1979-05-01,70.8,0.09428129829984533,0.007112375533428139
1979-06-01,71.3,0.09355828220858897,0.007062146892655274
1979-07-01,71.9,0.0960365853658538,0.008415147265077305
1979-08-01,72.7,0.09984871406959162,0.011126564673157091
1979-09-01,73.3,0.098950524737631,0.008253094910591452
1979-10-01,74.0,0.10119047619047605,0.009549795361528002
1979-11-01,74.8,0.10650887573964507,0.0108108108108107
1979-12-01,75.7,0.1132352941176471,0.012032085561497485
1980-01-01,76.7,0.11970802919708023,0.013210039630118908
1980-02-01,77.5,0.11994219653179194,0.010430247718383301
1980-03-01,78.6,0.1260744985673352,0.014193548387096744
1980-04-01,79.5,0.13086770981507834,0.011450381679389388
1980-05-01,80.1,0.1313559322033897,0.007547169811320753
1980-06-01,81.0,0.13604488078541377,0.011235955056179803
1980-07-01,80.8,0.1237830319888733,-0.0024691358024692134
1980-08-01,81.3,0.11829436038514429,0.006188118811881083
1980-09-01,82.1,0.12005457025920863,0.009840098400983877
1980-10-01,83.0,0.12162162162162171,0.010962241169305775
1980-11-01,83.9,0.12165775401069534,0.010843373493975905
1980-12-01,84.9,0.12153236459709382,0.011918951132300348
1981-01-01,85.4,0.11342894393741854,0.005889281507656108
1981-02-01,85.9,0.10838709677419356,0.005854800936768045
1981-03-01,86.4,0.0992366412213741,0.005820721769499437
1981-04-01,87.0,0.09433962264150941,0.00694444444444442
1981-05-01,87.8,0.09612983770287142,0.009195402298850519
1981-06-01,88.6,0.093827160493827,0.009111617312072884
1981-07-01,89.8,0.11138613861386149,0.013544018058690765
1981-08-01,90.7,0.1156211562115621,0.010022271714922093
1981-09-01,91.8,0.11814859926918397,0.012127894156560126
1981-10-01,92.1,0.10963855421686741,0.0032679738562091387
1981-11-01,92.5,0.102502979737783,0.004343105320304019
1981-12-01,93.0,0.09540636042402828,0.00540540540540535
1982-01-01,93.3,0.09250585480093676,0.003225806451612856
1982-02-01,93.8,0.09196740395809067,0.005359056806002238
1982-03-01,93.9,0.08680555555555558,0.0010660980810235365
1982-04-01,94.7,0.08850574712643677,0.008519701810436597
1982-05-01,95.4,0.08656036446469262,0.007391763463569179
1982-06-01,96.1,0.08465011286681712,0.007337526205450695
1982-07-01,96.7,0.07683741648106901,0.00624349635796051
1982-08-01,97.1,0.07056229327453134,0.004136504653567741
1982-09-01,97.2,0.05882352941176472,0.001029866117404854
1982-10-01,97.5,0.05863192182410426,0.0030864197530864335
1982-11-01,97.3,0.051891891891891806,-0.002051282051282133
1982-12-01,97.2,0.04516129032258065,-0.0010277492291880241
1983-01-01,97.6,0.04608788853161849,0.00411522633744843
1983-02-01,98.0,0.044776119402985204,0.004098360655737654
1983-03-01,98.2,0.04579339723109688,0.0020408163265306367
1983-04-01,98.6,0.04118268215417098,0.004073319755600657
1983-05-01,98.9,0.0366876310272537,0.0030425963488844854
1983-06-01,99.2,0.032258064516129226,0.0030333670374114163
1983-07-01,99.8,0.03205791106514999,0.006048387096774244
1983-08-01,100.1,0.030895983522142068,0.0030060120240480437
1983-09-01,100.5,0.033950617283950546,0.003996003996004083
1983-10-01,101.0,0.03589743589743599,0.004975124378109541
1983-11-01,101.5,0.043165467625899234,0.004950495049504955
1983-12-01,101.8,0.047325102880658276,0.002955665024630516
1984-01-01,102.5,0.05020491803278704,0.006876227897838927
1984-02-01,102.8,0.048979591836734615,0.0029268292682926855
1984-03-01,103.2,0.050916496945010215,0.0038910505836575737
1984-04-01,103.7,0.051724137931034475,0.004844961240310086
1984-05-01,104.1,0.05257836198179966,0.0038572806171648377
1984-06-01,104.5,0.053427419354838745,0.003842459173871271
1984-07-01,105.0,0.05210420841683372,0.004784688995215225
1984-08-01,105.4,0.05294705294705304,0.003809523809523929
1984-09-01,105.8,0.052736318407960114,0.003795066413662118
1984-10-01,106.2,0.05148514851485153,0.003780718336483968
1984-11-01,106.4,0.048275862068965614,0.0018832391713747842
1984-12-01,106.8,0.04911591355599221,0.003759398496240518
1985-01-01,107.1,0.044878048780487845,0.002808988764045006
1985-02-01,107.7,0.0476653696498055,0.0056022408963585235
1985-03-01,108.1,0.04748062015503862,0.003714020427112219
1985-04-01,108.4,0.045323047251687676,0.0027752081406107187
1985-05-01,108.8,0.04514889529298749,0.0036900369003689537
1985-06-01,109.1,0.044019138755980736,0.0027573529411764053
1985-07-01,109.4,0.04190476190476189,0.002749770852429112
1985-08-01,109.8,0.04174573055028463,0.003656307129798808
1985-09-01,110.0,0.03969754253308122,0.0018214936247722413
1985-10-01,110.5,0.040489642184557306,0.00454545454545463
1985-11-01,111.1,0.044172932330826864,0.005429864253393646
1985-12-01,111.4,0.04307116104868913,0.0027002700270029045
1986-01-01,111.9,0.04481792717086841,0.004488330341113178
1986-02-01,112.2,0.04178272980501396,0.002680965147453085
1986-03-01,112.5,0.04070305272895469,0.002673796791443861
1986-04-01,112.9,0.04151291512915134,0.003555555555555534
1986-05-01,113.1,0.03952205882352944,0.001771479185119551
1986-06-01,113.4,0.03941338221814861,0.0026525198938993633
1986-07-01,113.8,0.04021937842778778,0.003527336860670083
1986-08-01,114.2,0.04007285974499086,0.0035149384885764245
1986-09-01,114.6,0.041818181818181754,0.003502626970227629
1986-10-01,115.0,0.040723981900452566,0.003490401396160525
1986-11-01,115.3,0.03780378037803778,0.002608695652173809
1986-12-01,115.6,0.037701974865349985,0.002601908065914982
1987-01-01,115.9,0.03574620196604106,0.002595155709342656
1987-02-01,116.2,0.035650623885918,0.0025884383088869978
1987-03-01,116.6,0.0364444444444445,0.0034423407917383297
1987-04-01,117.3,0.03897254207263057,0.006003430531732468
1987-05-01,117.7,0.040671971706454535,0.0034100596760444635
1987-06-01,117.9,0.039682539682539764,0.001699235344095218
1987-07-01,118.3,0.039543057996485054,0.003392705682782049
1987-08-01,118.7,0.03940455341506133,0.0033812341504648735
1987-09-01,119.2,0.04013961605584648,0.004212299915753892
1987-10-01,119.8,0.0417391304347825,0.00503355704697972
1987-11-01,120.1,0.04163052905464015,0.0025041736227044975
1987-12-01,120.4,0.04152249134948116,0.0024979184013322886
1988-01-01,120.9,0.043140638481449445,0.004152823920265725
1988-02-01,121.2,0.04302925989672968,0.002481389578163684
1988-03-01,121.7,0.04373927958833623,0.004125412541254203
1988-04-01,122.3,0.04262574595055413,0.004930156121610407
1988-05-01,122.7,0.042480883602378894,0.003270645952575757
1988-06-01,123.2,0.04495335029686176,0.004074979625101838
1988-07-01,123.6,0.04480135249366013,0.0032467532467532756
1988-08-01,124.0,0.04465037910699232,0.003236245954692629
1988-09-01,124.7,0.046140939597315356,0.005645161290322553
1988-10-01,125.2,0.04507512520868118,0.00400962309542896
1988-11-01,125.6,0.04579517069109085,0.0031948881789136685
1988-12-01,126.0,0.046511627906976605,0.0031847133757962887
1989-01-01,126.5,0.04631927212572373,0.003968253968253954
1989-02-01,126.9,0.04702970297029707,0.003162055335968361
1989-03-01,127.4,0.04683648315529987,0.003940110323088941
1989-04-01,127.8,0.04497138184791494,0.0031397174254317317
1989-05-01,128.3,0.04563977180114098,0.003912363067292812
1989-06-01,128.8,0.045454545454545414,0.0038971161340608518
1989-07-01,129.2,0.0453074433656957,0.0031055900621115295
1989-08-01,129.5,0.04435483870967749,0.0023219814241486336
1989-09-01,129.9,0.04170008019246185,0.003088803088803216
1989-10-01,130.6,0.04313099041533541,0.005388760585065322
1989-11-01,131.1,0.043789808917197526,0.003828483920367498
1989-12-01,131.6,0.04444444444444451,0.0038138825324181003
1990-01-01,132.1,0.04426877470355728,0.0037993920972645423
1990-02-01,132.7,0.04570527974783278,0.004542013626040786
1990-03-01,133.5,0.04788069073783352,0.006028636021100375
1990-04-01,134.0,0.04851330203442883,0.0037453183520599342
1990-05-01,134.4,0.04754481683554168,0.0029850746268658135
1990-06-01,135.1,0.048913043478260754,0.005208333333333259
1990-07-01,135.8,0.051083591331269496,0.005181347150259086
1990-08-01,136.6,0.054826254826254806,0.00589101620029453
1990-09-01,137.1,0.0554272517321015,0.0036603221083455484
1990-10-01,137.6,0.05359877488514542,0.003646973012399801
1990-11-01,138.0,0.05263157894736836,0.0029069767441860517
1990-12-01,138.6,0.05319148936170204,0.004347826086956497
1991-01-01,139.5,0.056018168054504214,0.006493506493506551
1991-02-01,140.2,0.056518462697814575,0.00501792114695343
1991-03-01,140.5,0.05243445692883886,0.0021398002853068032
1991-04-01,140.9,0.05149253731343295,0.002846975088967918
1991-05-01,141.3,0.05133928571428581,0.002838892831795725
1991-06-01,141.8,0.049592894152479694,0.0035385704175512345
1991-07-01,142.3,0.04786450662739328,0.0035260930888576514
1991-08-01,142.9,0.046120058565153776,0.0042164441321153046
1991-09-01,143.4,0.04595185995623652,0.0034989503149054357
1991-10-01,143.7,0.04433139534883712,0.0020920502092049986
1991-11-01,144.2,0.04492753623188395,0.003479471120389599
1991-12-01,144.7,0.04401154401154406,0.0034674063800277377
1992-01-01,145.1,0.04014336917562722,0.0027643400138217533
1992-02-01,145.4,0.03708987161198296,0.002067539627842896
1992-03-01,145.9,0.03843416370106767,0.003438789546079679
1992-04-01,146.3,0.038325053229240735,0.00274160383824551
1992-05-01,146.8,0.03892427459306447,0.0034176349965824304
1992-06-01,147.1,0.03737658674188982,0.002043596730245012
1992-07-01,147.6,0.037245256500351154,0.003399048266485405
1992-08-01,147.9,0.034989503149055246,0.002032520325203402
1992-09-01,148.1,0.032775453277545274,0.0013522650439485862
1992-10-01,148.8,0.03549060542797511,0.004726536124240566
1992-11-01,149.2,0.03467406380027738,0.0026881720430105283
1992-12-01,149.6,0.03386316516931598,0.002680965147453085
1993-01-01,150.1,0.034458993797381154,0.0033422459893048817
1993-02-01,150.6,0.03576341127922955,0.0033311125916055673
1993-03-01,150.8,0.03358464701850594,0.0013280212483401943
1993-04-01,151.4,0.034859876965140035,0.003978779840848823
1993-05-01,151.8,0.034059945504087086,0.0026420079260238705
1993-06-01,152.1,0.03399048266485383,0.0019762845849802257
1993-07-01,152.3,0.03184281842818448,0.0013149243918475495
1993-08-01,152.8,0.03313049357674114,0.0032829940906107247
1993-09-01,152.9,0.03241053342336264,0.0006544502617800152
1993-10-01,153.4,0.030913978494623517,0.0032701111837802888
1993-11-01,153.9,0.031501340482573914,0.0032594524119948787
1993-12-01,154.3,0.03141711229946531,0.002599090318388564
1994-01-01,154.5,0.02931379080612939,0.0012961762799739152
1994-02-01,154.8,0.02788844621513964,0.001941747572815622
1994-03-01,155.3,0.02984084880636595,0.00322997416020665
1994-04-01,155.5,0.027080581241743618,0.0012878300064391723
1994-05-01,155.9,0.027009222661396493,0.0025723472668810476
1994-06-01,156.4,0.02827087442472065,0.003207184092366866
1994-07-01,156.7,0.028890347997373444,0.0019181585677747748
1994-08-01,157.1,0.028141361256544428,0.002552648372686761
1994-09-01,157.5,0.0300850228907783,0.0025461489497136114
1994-10-01,157.8,0.028683181225554133,0.0019047619047620756
1994-11-01,158.2,0.027940220922676895,0.0025348542458807355
1994-12-01,158.3,0.025923525599481634,0.0006321112515803584
1995-01-01,159.0,0.029126213592232997,0.004421983575489508
1995-02-01,159.4,0.029715762273901714,0.002515723270440251
1995-03-01,159.9,0.02962009014810052,0.0031367628607277265
1995-04-01,160.4,0.031511254019292556,0.0031269543464664817
1995-05-01,160.7,0.03078896728672209,0.0018703241895261513
1995-06-01,161.1,0.030051150895140655,0.002489110143123918
1995-07-01,161.4,0.029993618379068332,0.0018621973929238145
1995-08-01,161.8,0.02991725015913449,0.0024783147459728205
1995-09-01,162.2,0.02984126984126978,0.0024721878862792313
1995-10-01,162.7,0.031051964512040398,0.0030826140567201676
1995-11-01,163.0,0.03034134007585343,0.0018438844499077955
1995-12-01,163.1,0.030322173089071258,0.0006134969325153339
1996-01-01,163.7,0.02955974842767284,0.0036787247087675112
1996-02-01,164.0,0.028858218318695172,0.0018326206475260953
1996-03-01,164.4,0.02814258911819878,0.0024390243902439046
1996-04-01,164.6,0.026184538653366562,0.001216545012165282
1996-05-01,165.0,0.026757934038581288,0.002430133657351119
1996-06-01,165.4,0.02669149596523912,0.00242424242424244
1996-07-01,165.7,0.02664188351920682,0.0018137847642079041
1996-08-01,166.0,0.02595797280593315,0.0018105009052504784
1996-09-01,166.5,0.026510480887792953,0.003012048192771122
1996-10-01,166.8,0.025199754148740094,0.0018018018018017834
1996-11-01,167.2,0.025766871165644023,0.0023980815347719453
1996-12-01,167.4,0.026364193746168052,0.0011961722488038617
1997-01-01,167.8,0.02504581551618834,0.002389486260454099
1997-02-01,168.1,0.02499999999999991,0.0017878426698449967
1997-03-01,168.4,0.024330900243308973,0.0017846519928614857
1997-04-01,168.9,0.026123936816524918,0.002969121140142583
1997-05-01,169.2,0.025454545454545396,0.001776198934280604
1997-06-01,169.4,0.0241837968561065,0.0011820330969267712
1997-07-01,169.7,0.024140012070005934,0.0017709563164107767
1997-08-01,169.8,0.022891566265060392,0.0005892751915146377
1997-09-01,170.2,0.022222222222222143,0.002355712603062221
1997-10-01,170.6,0.02278177458033559,0.002350176263219872
1997-11-01,170.8,0.021531100478469067,0.0011723329425556983
1997-12-01,171.2,0.02270011947431283,0.0023419203747070405
1998-01-01,171.6,0.02264600715137055,0.00233644859813098
1998-02-01,171.9,0.022605591909577782,0.0017482517482518833
1998-03-01,172.2,0.0225653206650831,0.0017452006980802626
1998-04-01,172.5,0.02131438721136769,0.0017421602787457413
1998-05-01,172.9,0.021867612293144267,0.002318840579710102
1998-06-01,173.2,0.022432113341204207,0.001735106998264735
1998-07-01,173.5,0.022392457277548683,0.0017321016166282899
1998-08-01,174.0,0.02473498233215543,0.0028818443804035088
1998-09-01,174.2,0.023501762632197387,0.0011494252873562871
1998-10-01,174.4,0.022274325908558046,0.0011481056257176547
1998-11-01,174.8,0.023419203747072626,0.002293577981651307
1998-12-01,175.4,0.02453271028037385,0.003432494279176135
1999-01-01,175.6,0.02331002331002341,0.0011402508551880963
1999-02-01,175.6,0.021524141942990127,0.0
1999-03-01,175.7,0.020325203252032464,0.0005694760820045275
1999-04-01,176.3,0.022028985507246412,0.0034149117814457064
1999-05-01,176.5,0.020821283979178595,0.0011344299489506326
1999-06-01,176.6,0.019630484988452768,0.0005665722379604166
1999-07-01,177.1,0.02074927953890482,0.0028312570781428015
1999-08-01,177.3,0.018965517241379404,0.001129305477131748
1999-09-01,177.8,0.02066590126291623,0.0028200789622110367
1999-10-01,178.1,0.021215596330275144,0.0016872890888637304
1999-11-01,178.4,0.020594965675057253,0.0016844469399215356
1999-12-01,178.7,0.018814139110604255,0.0016816143497757619
2000-01-01,179.3,0.021070615034168627,0.003357582540570947
2000-02-01,179.4,0.021640091116173155,0.000557724484104849
2000-03-01,180.0,0.024473534433693933,0.0033444816053511683
2000-04-01,180.3,0.022688598979013097,0.0016666666666667052
2000-05-01,180.7,0.023796033994334165,0.002218524681086853
2000-06-01,181.1,0.025481313703284325,0.0022136137244050946
2000-07-01,181.5,0.024844720496894457,0.002208724461623346
2000-08-01,181.9,0.025944726452340694,0.002203856749311228
2000-09-01,182.3,0.0253093363329584,0.0021990104452995762
2000-10-01,182.6,0.025266704098820814,0.001645639056500281
2000-11-01,183.1,0.026345291479820565,0.0027382256297918683
2000-12-01,183.3,0.025741466144376224,0.0010922992900055384
2001-01-01,183.9,0.025655326268823275,0.003273322422258529
2001-02-01,184.4,0.027870680044593144,0.002718868950516651
2001-03-01,184.7,0.026111111111110974,0.0016268980477223138
2001-04-01,185.1,0.0266222961730449,0.0021656740660531693
2001-05-01,185.3,0.0254565578306587,0.0010804970286333315
2001-06-01,186.0,0.02705687465488693,0.0037776578521315773
2001-07-01,186.4,0.026997245179063434,0.0021505376344086446
2001-08-01,186.7,0.02638812534359536,0.0016094420600858417
2001-09-01,187.1,0.026330224904004274,0.002142474558114671
2001-10-01,187.4,0.026286966046002336,0.0016034206306787535
2001-11-01,188.1,0.02730748225013646,0.003735325506937004
2001-12-01,188.4,0.02782324058919805,0.0015948963317384823
2002-01-01,188.7,0.026101141924959048,0.0015923566878979223
2002-02-01,189.1,0.025488069414316694,0.002119766825649183
2002-03-01,189.2,0.024363833243096877,0.0005288207297726721
2002-04-01,189.7,0.02485143165856285,0.0026427061310783095
2002-05-01,190.0,0.025364274150026844,0.001581444385872599
2002-06-01,190.2,0.022580645161290214,0.001052631578947416
2002-07-01,190.5,0.021995708154506355,0.001577287066246047
2002-08-01,191.1,0.023567220139260936,0.0031496062992124596
2002-09-01,191.3,0.022447888829502993,0.0010465724751440586
2002-10-01,191.5,0.02187833511205972,0.001045478306325176
2002-11-01,191.9,0.020202020202020332,0.002088772845953102
2002-12-01,192.1,0.019639065817409707,0.0010422094841062712
2003-01-01,192.4,0.019607843137255054,0.001561686621551317
2003-02-01,192.5,0.017979904812268632,0.0005197505197505059
2003-03-01,192.5,0.01744186046511631,0.0
2003-04-01,192.5,0.014760147601476037,0.0
2003-05-01,192.9,0.015263157894736867,0.002077922077922123
2003-06-01,193.0,0.014721345951629994,0.0005184033177811909
2003-07-01,193.4,0.01522309711286085,0.002072538860103723
2003-08-01,193.6,0.013082155939298845,0.0010341261633919352
2003-09-01,193.7,0.012545739675901668,0.0005165289256197081
2003-10-01,194.0,0.01305483028720622,0.0015487867836860847
2003-11-01,194.0,0.010943199583116181,0.0
2003-12-01,194.2,0.010931806350858997,0.0010309278350515427
2004-01-01,194.6,0.011434511434511352,0.002059732234809486
2004-02-01,194.9,0.012467532467532516,0.0015416238437822027
2004-03-01,195.5,0.01558441558441559,0.0030785017957926097
2004-04-01,195.9,0.017662337662337713,0.002046035805626678
2004-05-01,196.2,0.01710730948678063,0.0015313935681469104
2004-06-01,196.6,0.01865284974093262,0.0020387359836901986
2004-07-01,196.8,0.0175801447776629,0.0010172939979655737
2004-08-01,196.9,0.017045454545454586,0.000508130081300795
2004-09-01,197.5,0.01961796592669085,0.003047232097511454
2004-10-01,197.9,0.020103092783505083,0.0020253164556962577
2004-11-01,198.3,0.02216494845360839,0.002021222839818204
2004-12-01,198.6,0.022657054582904346,0.001512859304084735
2005-01-01,199.0,0.02261048304213764,0.002014098690835908
2005-02-01,199.4,0.02308876346844535,0.0020100502512563345
2005-03-01,200.1,0.0235294117647058,0.0035105315947843163
2005-04-01,200.2,0.021949974476773715,0.0004997501249375258
2005-05-01,200.5,0.021916411824668858,0.0014985014985016143
2005-06-01,200.6,0.020345879959308144,0.0004987531172069293
2005-07-01,200.9,0.02083333333333326,0.0014955134596212893
2005-08-01,201.1,0.021330624682579957,0.0009955201592830587
2005-09-01,201.3,0.019240506329113893,0.0009945300845350946
2005-10-01,202.0,0.02071753410813537,0.003477396920019915
2005-11-01,202.5,0.021180030257186067,0.0024752475247524774
2005-12-01,202.8,0.021148036253776592,0.001481481481481639
2006-01-01,203.2,0.021105527638190846,0.001972386587770991
2006-02-01,203.6,0.02106318956870612,0.0019685039370078705
2006-03-01,204.3,0.020989505247376306,0.0034381139489194634
2006-04-01,204.8,0.022977022977023198,0.0024473813020069457
2006-05-01,205.4,0.0244389027431422,0.0029296875
2006-06-01,205.9,0.026420737786640114,0.0024342745861734016
2006-07-01,206.3,0.026879044300647026,0.0019426906265178623
2006-08-01,206.8,0.028344107409249197,0.002423654871546388
2006-09-01,207.2,0.02930948832588176,0.0019342359767891004
2006-10-01,207.6,0.027722772277227747,0.0019305019305020377
2006-11-01,207.8,0.026172839506172885,0.0009633911368016612
2006-12-01,208.1,0.026134122287968298,0.0014436958614050255
2007-01-01,208.6,0.026574803149606252,0.0024026910139356428
2007-02-01,209.135,0.0271856581532417,0.002564717162032659
2007-03-01,209.418,0.025051395007342103,0.0013531929136683107
2007-04-01,209.747,0.024155273437499902,0.0015710206381496228
2007-05-01,210.058,0.022677702044790582,0.0014827387280866855
2007-06-01,210.392,0.02181641573579407,0.00159003703738958
2007-07-01,210.773,0.021682016480853106,0.0018109053576180756
2007-08-01,211.119,0.020884912959380886,0.0016415764827564239
2007-09-01,211.554,0.02101351351351366,0.0020604493200517826
2007-10-01,212.077,0.021565510597302495,0.0024721820433553088
2007-11-01,212.66,0.023387872954764077,0.002749001541892726
2007-12-01,213.168,0.024353676117251366,0.0023887896172294365
2008-01-01,213.771,0.024789069990412305,0.002828754784958143
2008-02-01,213.939,0.022970808329547898,0.0007858877022608457
2008-03-01,214.42,0.02388524386633417,0.002248304423223324
2008-04-01,214.56,0.02294669292051843,0.0006529241675217179
2008-05-01,214.936,0.023222157689781087,0.001752423564504113
2008-06-01,215.424,0.023917259211376996,0.0022704432947482367
2008-07-01,215.965,0.02463313612274831,0.002511326500297173
2008-08-01,216.393,0.024981171756213394,0.0019818026069038375
2008-09-01,216.713,0.024386208722122937,0.0014787909035873792
2008-10-01,216.788,0.022213629955157854,0.00034607983831147493
2008-11-01,216.947,0.02015893915169764,0.0007334354300052581
2008-12-01,216.925,0.017624596562335837,-0.00010140725615004342
2009-01-01,217.346,0.016723503187990874,0.0019407629364986967
2009-02-01,217.792,0.01800980653363804,0.0020520276425606276
2009-03-01,218.253,0.017876130957932945,0.002116698501322345
2009-04-01,218.706,0.0193232662192393,0.0020755728443595522
2009-05-01,218.904,0.018461309413034588,0.000905324956791409
2009-06-01,219.112,0.017119726678550107,0.0009501882103570836
2009-07-01,219.263,0.015270992984974363,0.0006891452773012396
2009-08-01,219.496,0.014339650543224725,0.0010626507892348425
2009-09-01,219.92,0.014798373886199645,0.001931698071946597
2009-10-01,220.501,0.017127331771131127,0.002641869770825922
2009-11-01,220.666,0.01714243571010421,0.000748295926095599
2009-12-01,220.881,0.018236717759594345,0.000974323185266357
2010-01-01,220.633,0.015123351706495702,-0.0011227765176723414
2010-02-01,220.731,0.013494526888039982,0.0004441765284430854
2010-03-01,220.783,0.011592051426555505,0.00023558086539732237
2010-04-01,220.822,0.009675088932173947,0.00017664403509343174
2010-05-01,220.962,0.00940138142747493,0.0006339948012425989
2010-06-01,221.194,0.009501989849939774,0.0010499542907829174
2010-07-01,221.363,0.009577539302116689,0.0007640351908280163
2010-08-01,221.509,0.009171009950067255,0.0006595501506574397
2010-09-01,221.711,0.008143870498363182,0.0009119268291581939
2010-10-01,221.83,0.006027183550187942,0.0005367347583113968
2010-11-01,222.149,0.00672056411046551,0.0014380381373122475
2010-12-01,222.343,0.006618948664665503,0.0008732877483130785
2011-01-01,222.803,0.009835337415527112,0.0020688755661297797
2011-02-01,223.213,0.01124445592146106,0.0018401906617055985
2011-03-01,223.454,0.012097851736773357,0.0010796862189927925
2011-04-01,223.727,0.013155392125784537,0.0012217279619071153
2011-05-01,224.175,0.014540961794335727,0.002002440474328182
2011-06-01,224.697,0.01583677676609674,0.002328537972565936
2011-07-01,225.218,0.01741483445742964,0.002318678041985267
2011-08-01,225.862,0.019651571719433658,0.002859451731211493
2011-09-01,226.118,0.019877227562006272,0.0011334354605909702
2011-10-01,226.506,0.021079204796465634,0.001715918237380487
2011-11-01,226.899,0.02138204538395394,0.0017350533760696063
2011-12-01,227.405,0.02276662633858506,0.002230067122376056
2012-01-01,227.877,0.022773481506083826,0.002075592005452931
2012-02-01,228.034,0.021598204405657295,0.000688968171425719
2012-03-01,228.478,0.022483374654291177,0.001947078067305874
2012-04-01,228.905,0.02314427851801515,0.0018688889083413596
2012-05-01,229.224,0.022522582803613078,0.0013935912278018048
2012-06-01,229.623,0.02192285611289857,0.0017406554287509035
2012-07-01,229.97,0.02109955687378462,0.0015111726612753174
2012-08-01,230.233,0.019352524993137443,0.0011436274296647841
2012-09-01,230.659,0.020082434834909124,0.0018502994792231053
2012-10-01,231.024,0.019946491483669337,0.001582422537165229
2012-11-01,231.33,0.019528512686261434,0.0013245377103678901
2012-12-01,231.725,0.018996943778720743,0.001707517399386127
2013-01-01,232.229,0.019098022178631435,0.002174991908512336
2013-02-01,232.569,0.01988738521448563,0.0014640721012448843
2013-03-01,232.794,0.018890221377988237,0.0009674548198599364
2013-04-01,232.832,0.01715558856294086,0.00016323444762322836
2013-05-01,232.996,0.016455519491850756,0.0007043705332601125
2013-06-01,233.35,0.016230952474272975,0.0015193393878005779
2013-07-01,233.88,0.01700221768056709,0.0022712663381188047
2013-08-01,234.336,0.01782107690904433,0.0019497178040022156
2013-09-01,234.7,0.017519368418314363,0.0015533251399697523
2013-10-01,234.921,0.01686837731144819,0.0009416276097145015
2013-11-01,235.359,0.017416677473738762,0.0018644565619931885
2013-12-01,235.759,0.017408566188369834,0.0016995313542289558
2014-01-01,235.961,0.016070344358370292,0.0008568071632473195
2014-02-01,236.185,0.015548073904948723,0.0009493094197770002
2014-03-01,236.625,0.016456609706435588,0.001862946419120659
2014-04-01,237.072,0.018210555250137483,0.0018890649762282052
2014-05-01,237.529,0.019455269618362525,0.0019276844165485585
2014-06-01,237.837,0.019228626526676562,0.0012966837733496828
2014-07-01,238.195,0.018449632290063356,0.0015052325752511475
2014-08-01,238.405,0.0173639560289498,0.0008816305967800364
2014-09-01,238.786,0.017409458883681284,0.001598120844780837
2014-10-01,239.191,0.01817632310436279,0.0016960793346343372
2014-11-01,239.458,0.017415947552462452,0.0011162627356380295
2014-12-01,239.584,0.016224195046636636,0.0005261883085969643
2015-01-01,239.811,0.01631625565241701,0.0009474756244156612
2015-02-01,240.172,0.016880834938713285,0.0015053521314700724
2015-03-01,240.755,0.017453777073428434,0.002427427010642358
2015-04-01,241.346,0.01802827832894649,0.002454777678552844
2015-05-01,241.688,0.0175094409524732,0.0014170526961292396
2015-06-01,242.064,0.01777267624465506,0.0015557247360233895
2015-07-01,242.565,0.018346312894897077,0.0020697005750545117
2015-08-01,242.817,0.018506323273421277,0.001038896790551025
2015-09-01,243.316,0.01897096144665089,0.0020550455692969205
2015-10-01,243.768,0.019135335359607986,0.0018576665735092757
2015-11-01,244.241,0.019974275238246353,0.0019403695316859704
2015-12-01,244.547,0.020715072792840905,0.001252860903779407
2016-01-01,244.955,0.02145022538582464,0.0016683909432542166
2016-02-01,245.51,0.02222573822094165,0.002265722275519799
2016-03-01,245.913,0.02142426948557663,0.00164148099873751
2016-04-01,246.551,0.02156654761214183,0.0025944134714308564
2016-05-01,247.137,0.022545595974976074,0.002376790197565759
2016-06-01,247.54,0.022622116465067066,0.0016306744841929621
2016-07-01,247.829,0.021701399624842965,0.0011674880827341472
2016-08-01,248.423,0.023087345614186683,0.0023968139321870474
2016-09-01,248.842,0.022711206825691832,0.0016866393208359032
2016-10-01,249.142,0.022045551507991146,0.0012055842663214467
2016-11-01,249.481,0.021454219398053587,0.0013606698188182165
2016-12-01,249.92,0.02197123661300271,0.0017596530397103738
2017-01-01,250.467,0.022502092221020176,0.002188700384122999
2017-02-01,250.998,0.022353468290497336,0.0021200397657175074
2017-03-01,250.944,0.02045845481938735,-0.00021514115650322907
2017-04-01,251.227,0.018965650108902388,0.0011277416475390378
2017-05-01,251.43,0.017370931912259246,0.0008080341683018855
2017-06-01,251.746,0.01699119334249022,0.0012568110408464062
2017-07-01,251.985,0.016769627444729984,0.0009493696026947607
2017-08-01,252.535,0.016552412618799472,0.002182669603349341
2017-09-01,252.812,0.015953898457655935,0.0010968776605224662
2017-10-01,253.526,0.017596390813271245,0.0028242330269132587
2017-11-01,253.816,0.017376072726981162,0.0011438669012251435
2017-12-01,254.344,0.01770166453265043,0.0020802471081413643
2018-01-01,255.204,0.018912671130328462,0.0033812474444061547
2018-02-01,255.711,0.0187770420481439,0.001986645977335888
2018-03-01,256.271,0.021227843662331214,0.0021899722733866867
2018-04-01,256.63,0.02150644636125887,0.001400860807504456
2018-05-01,257.145,0.02272998448872432,0.0020067801893777215
2018-06-01,257.399,0.022455173071270318,0.000987769546364925
2018-07-01,257.699,0.02267595293370639,0.0011655056934953834
2018-08-01,257.891,0.021208941334864617,0.0007450552776688824
2018-09-01,258.368,0.021976804898501623,0.0018496186373311296
2018-10-01,258.917,0.02126409125691242,0.00212487614565271
2018-11-01,259.439,0.022153843729315836,0.002016090098371448
2018-12-01,260.063,0.022485295505299874,0.0024051896592260924
2019-01-01,260.766,0.021794329242488475,0.00270319114983697
2019-02-01,261.186,0.021410889637129227,0.0016106394238510902
2019-03-01,261.567,0.0206656235001228,0.001458730559831034
2019-04-01,261.997,0.020913377235709074,0.001643938264383582
2019-05-01,262.217,0.0197242800754438,0.0008397042714227698
2019-06-01,262.739,0.020746001344216447,0.001990717611749071
2019-07-01,263.28,0.021657049503490455,0.002059077639787077
2019-08-01,263.877,0.02321135673598529,0.002267547857794039
2019-09-01,264.388,0.023300099083477743,0.0019365082974263093
2019-10-01,264.97,0.023378148209658223,0.002201310195621753
2019-11-01,265.548,0.023546960942649298,0.002181379024040364
2019-12-01,266.02,0.022905988164406255,0.0017774564297226014
2020-01-01,266.698,0.0227483644340134,0.0025486805503345256
2020-02-01,267.402,0.023799131653304606,0.002639689836444248
2020-03-01,267.068,0.02103094044738052,-0.0012490557288277193
2020-04-01,265.796,0.014500166032435313,-0.004762831937933365
2020-05-01,265.461,0.012371432820907913,-0.0012603650920254283
2020-06-01,265.839,0.011798781300073502,0.001423937979590173
2020-07-01,267.373,0.015546186569431963,0.005770409909757301
2020-08-01,268.39,0.017102665256918836,0.0038036750158019217
2020-09-01,268.9,0.01706582749595298,0.001900219829352734
2020-10-01,269.28,0.016265992376495175,0.0014131647452584328
2020-11-01,269.967,0.016641059243526435,0.0025512477718361293
2020-12-01,270.34,0.016239380497707012,0.0013816503498575994
2021-01-01,270.422,0.013963359305281697,0.0003033217429904145
2021-02-01,270.813,0.01275607512284882,0.001445888278320373
2021-03-01,271.461,0.016448994263633443,0.002392795028303807
2021-04-01,273.665,0.0296054116690998,0.008119029989575033
2021-05-01,275.494,0.03779462896621344,0.0066833537354065164
2021-06-01,277.585,0.04418463807041095,0.007590001960115167
2021-07-01,278.612,0.04203491003205273,0.003699767638741358
2021-08-01,278.993,0.03950594284436826,0.0013674931445881722
2021-09-01,279.71,0.040200818148010464,0.002569956952324981
2021-10-01,281.623,0.045837046939988246,0.006839226341568194
2021-11-01,283.393,0.04973200428200486,0.0062849980292802865
2021-12-01,285.221,0.055045498261448556,0.0064504063261972
2022-01-01,286.811,0.060605276197942315,0.0055746245893535384
2022-02-01,288.287,0.064524228895954,0.005146246134213772
2022-03-01,289.041,0.06476068385513933,0.0026154491877885544
2022-04-01,290.515,0.06157162954707385,0.0050996225448984855
2022-05-01,292.072,0.06017553921319507,0.0053594478770460086
2022-06-01,293.972,0.05903416971378128,0.00650524528198515
2022-07-01,295.055,0.059017558468407616,0.003684024328847846
2022-08-01,296.569,0.0629979963655003,0.005131246716713944
2022-09-01,298.284,0.06640449036502094,0.005782802653008234
2022-10-01,299.351,0.06294940399044124,0.003577127837899541
2022-11-01,300.292,0.059630971830638035,0.003143467033682734
2022-12-01,301.423,0.05680507396019219,0.0037663341014746443
2023-01-01,302.709,0.055430231058083645,0.004266429569077301
2023-02-01,304.124,0.05493483924006304,0.004674456326042575
2023-03-01,305.112,0.05560110849325883,0.0032486748826137113
2023-04-01,306.539,0.055157220797549256,0.004676971079472292
2023-05-01,307.646,0.05332246843244137,0.0036112860027599503
2023-06-01,308.245,0.048552243070768775,0.0019470430299759478
2023-07-01,308.945,0.04707596888715648,0.0022709208584079654
2023-08-01,309.656,0.04412801068216843,0.002301380504620587
2023-09-01,310.644,0.04143701975298719,0.0031906373524168696
2023-10-01,311.39,0.04021700278268647,0.0024014627676696154
2023-11-01,312.349,0.04015091977142249,0.0030797392337582608
2023-12-01,313.209,0.039101196657189474,0.0027533304092537403
2024-01-01,314.438,0.038746783214242075,0.003923897461439507
2024-02-01,315.565,0.037619523615367356,0.0035841723964660233
2024-03-01,316.698,0.03797294108392979,0.0035903854990255724
2024-04-01,317.622,0.036155268986980627,0.002917606047401655
2024-05-01,318.14,0.034110633650364264,0.0016308693982154399
2024-06-01,318.346,0.03276938798682871,0.0006475136732255748
2024-07-01,318.872,0.032131932868310065,0.001652290275360846
2024-08-01,319.768,0.03265559201178081,0.00280990491482469
2024-09-01,320.767,0.03258714155110032,0.0031241400015011855
2024-10-01,321.666,0.03300041748289928,0.002802657380590823
2024-11-01,322.657,0.03300154634719488,0.0030808354006950367
2024-12-01,323.383,0.0324831023374168,0.0022500674090442097
